一、橙子的五大功效介绍1、增强身体抵抗力鲜橙果实中含有丰富的维生素C、维生素P及有机酸，能保护细胞、增强白细胞活性、抵抗自由基，对人体新陈代谢有明显的调节作用，能增强机体抵抗力。甜橙果肉及皮能解除鱼、蟹中毒，对酒醉不醒者也有醒酒作用。2、加快肠道蠕动橙子中含有丰富的纤维素及果胶，对于加快肠道蠕动有一定的作用，能够帮助身体清肠通便，尽快排出体内的有害物质。3、防治感冒咳嗽橙皮的止咳化痰作用比陈皮还要强，如果患有感冒咳嗽、食欲不振等病症，选择喝一些橙皮水有一定的治疗效果。4、能够防癌橙子里的有益成分能够去除机体中的有害自由基，防治癌细胞的生长。根据测定，橙子是所有水果中含抗氧化物质最高的。而橙子中的黄酮类物质则具有抗炎症	橙子中含有丰富的维生素C,对人体新陈代谢有明显的调节作用,还能够帮助身体清肠通便,尽快排出体内的有害物质。
来自百度知道：kindle电子书内存4g就可以，除去系统本身，差不多还有2G多的空间，书籍一般几百KB到几MB，所以换算起来可以容纳一千到数千本书。Kindle阅读器可存储超过2000本电子书，具体存储数量根据不同电子书文件大小会有所不同，设备内存为4GB，包括大约3GB的可用存储空间。用于存储Kindle内容，剩余空间为系统文件。Kindle不支持插入SD卡扩展容量。如果看电子书使用是足够的，如果想看PDF文档会占用大量内存。扩展资料Kindle不会自动清空书籍所占用运存空间，除非用户自己用退出键来清除书籍的运存。即使内存不足，系统也不会清空运存。如果Kindle卡顿，要养成不断点返回键的习惯。其次，解决现在kindle卡顿的问题，可以试试多点几次返回键，	4G的kindle一般可以存储超过两千本电子书呢,因为会占用很多内存。
来自网络：木瓜具有补脾，润肺益气和胃的功效，一般人均可食用，尤其适合消化不良，肥胖，产妇缺乳者。木瓜所含的齐墩果酸成分具有保肝降酶，抗炎抑菌，降低血脂的功效。木瓜富含胡萝卜素，能有效对抗全身细胞的氧化，破坏使人体加速衰老的自由基，常吃木瓜有美容护肤，延缓衰老的功效。木瓜还有阻止人体致癌物质亚硝胺合成的功效。	木瓜可以补脾润肺适合消化不良和肥胖的人。
迪丽热巴的代表作品是一千零一夜、三生三世十里桃花、三生三世枕上书、你是我的荣耀、克拉恋人、古剑奇谭、烈火如歌、长歌行	是维吾尔族的。
唐七公子，幻想言情作家。在晋江原创网发表《三生三世十里桃花》为读者所瞩目，现已出版发表《三生三世十里桃花》《岁月是朵两生花》和《九州·华胥引》等部分作品。真名：唐七（七七对自己的个人资料一向保护得很好。真实姓名从未透露，照片也没有放出过）生日：1985年7月12日星座：巨蟹座性别：女家乡：四川自我评论：中学时看王尔德的书，里边有句话一直记着。他说，一个人想恢复青春，只消重演过去干的蠢事就够了。倒并不是觉得他说得好，不知道怎么就记到现在了。如今，我每天都在干蠢事，一边青春着，一边觉得继续这么青春下去实在不妙。作者文笔奇特，独具一格，平淡稳重的文字中横生妙趣，使人忍俊不禁，可谓正正经经地搞笑着，实属鬼才，从看过	作者是唐七,作品还有《九州·华胥引》等。
（1）杨洋热巴戏里甜而不腻杨洋热巴扮演荣耀夫妇，乔晶晶请教于途游戏，可两个人在“一来二去”互动之后关系突飞猛进，当然了两个人的暧昧期很吸睛，细节愣是让人甜到心底。加上一些小分歧，荣耀夫妇愣是让观众有了想恋爱的冲动！（2）热巴杨洋戏外疯狂撒糖在戏里面，于途跟乔晶晶是一对合格的CP，但在《你是我的荣耀》发布会现场，杨洋热巴也疯狂撒糖。或许大家认为二人是工业糖精，实际上二人一些亲密互动直接让观众尖叫，荣耀夫妇魅力太强了！（3）荣耀夫妇默契感爆棚在发布会现场，荣耀夫妇需要高甜互动，即使主持人的控场有些尴尬，但热巴杨洋默契比心，默契还原名场面，这些画面又让观众坐不住啦。	看到很多场合默契还原名场面。
3.迪丽热巴杨洋在一起了吗知乎【迪丽热巴杨洋在一起了吗】没有，剧中两人在一起了。热巴和杨洋现在是朋友关系，两人在拍摄《你是我的荣耀》过程中合作很愉快，剧播后双方也积极配合宣传，剧热度很大，是双赢的结果。洋迪cp上了几次热搜，两人狂吸了一波cp粉，赚足了流量。4.迪丽热巴邓伦公开恋情热巴和邓伦没有在一起，不存在公开恋情。两人是很好的朋友，合作剧播出后，两人后续还有综艺搭档，之后交集就少了。热巴有新的剧搭档，热度炒得很高，邓伦和杨幂的搭档热度也很高，不过两人目前还都是单身，都在忙着拍戏。	热巴和杨洋只朋友关系。
旅游的概念旅游概述“旅游”从字意上很好理解。“旅”是旅行，外出，即为了实现某一目的而在空间上从甲地到乙地的行进过程；“游”是外出游览、观光、娱乐，即为达到这些目的所作的旅行。二者合起来即旅游。所以，旅行偏重于行，旅游不但有“行”，且有观光、娱乐含义。按地理范围分类按旅游者到达目的地的地理范围划分，旅游活动可以分为国际旅游和国内旅游。国际旅游国际旅游是指跨越国界的旅游活动，分为入境旅游和出境旅游。入境旅游是指他国公民到本国进行的旅游活动，出境旅游是指本国公民到他国的旅游活动。国内旅游国内旅游是指人民在居住国内进行的旅游活动，包括本国公民在国内的旅游活动，也指在一国长期居住，工作的外国人在该国内进行的旅游	是国内的还是国际的旅游呢。
坐火车去桂林（这个时刻表我现在没查了，你自己研究一下），最好买卧铺，到桂林时间还比较长，坐硬座有点累。到桂林之后不要在桂林住，出火车站左拐走到长途汽车站，不远。买票去阳朔。在阳朔西街找个私人旅馆住下。如果时间早，就租个自行车到外面转转，时间晚就在西街转转。阳朔周边大概有两三条线路，每天去玩一下，不用急。晚上就西街转转，吃吃饭。漓江在阳朔附近找个私人的去玩玩就可以了，自己玩比在桂林坐旅游船玩别有一番风味。但是坐船不在阳朔，是坐小巴到另外一个镇子去玩，你可以到驴友上面查一下，也可以到时候去问一下店主。阳朔玩完了的后一天早上就坐车回桂林，到了之后去买返城的火车票，但不是当天的，是3天后的。然后看好	不远,就在广西。
欢迎来到桂林，桂林是个好地方哟~桂林9月到十月中旬之前，白天还是比较舒服的，可以穿短袖。但是因为这段时间是入秋了，早晚温差很大，而且会不时有几天很凉，刮风下雨，可以穿薄外套或者风衣。十月下旬就可以穿长袖了，十一月基本上需要穿外套了。桂林的冬天很冷，虽说气温没有北方低，但是因为主要是阴冷湿冷（经常阴雨绵绵，还有雨夹雪），所以会让人产生冷得彻骨的感觉。由于我们这边室内是没有暖气的，所以即使坐在屋里也还是会觉得很冷。因此建议最好要有件羽绒服。还有就是，记得保护好你的手脚和耳朵哦，注意保暖，不少外地人来了以后不适应这边的阴冷，冬天都很容易长冻疮。	桂林九月到十月比较适合旅游。
主料面包片（适量）辅料鸡蛋（适量），蔬菜（适量），火腿（适量），奶酪片（适量）厨具不粘锅步骤1、取面包片一片。2、煎鸡蛋。3、把煎好的鸡蛋放在面包片上。4、放上自己喜欢的蔬菜。5、放上火腿肠。6、放上奶酪片。7、在上面盖上一片面包片。OK！	底部放面包片,放点火腿肠,蔬菜,再盖一层面包。
来自网络：养生的重要性是比较多的，首先通过养生的话会使自己的身体素质提高，如果说不养生的话，那么不注意好的生活饮食习惯那么肯定会衰老的比较快，而且也会有一些疾病的存在，养生的方法是比较多的，首先最基本的就是养成有规律的生活饮食方式，保持乐观的心态，保证充足的睡眠，其次可以根据自己的实际情况来选择一些保健品，但是也不要吃得太多。	是啊～不注意好的生活饮食习惯肯定会衰老的比较快唉。
来自网络：好处非常多，粗粮里面含有大量的膳食纤维，可帮助肠道蠕动，排除毒素，预防便秘。每个人都知道纤维的重要，懂得多吃水果、蔬菜固然可以补充膳食纤维，却经常会忘记粗粮是膳食纤维的重要来源。粗粮当中的不溶性纤维对于促进肠道蠕动最有帮助，而且可以与食物中的多种污染物质相结合，将它们带出体外，并把肠道打扫得干干净净。	粗粮好处很多啊～含有大量的膳食纤维～有助于肠道蠕动～排除毒素～预防便秘哦。
脖子疼可能是多方面原因造成，可能是肌肉劳损或肌肉牵拉伤所致，也可能是骨骼的增生变形、颈椎的增生变形所致，要根据不同的原因进行适当的治疗。脖子疼就是多方面的问题，有可能是肌肉劳损，肌肉的牵拉伤所导致的疼痛，有可能是骨骼的增生变形，颈椎的增生变形，导致的疼痛，也有可能是颈椎间盘突出，压迫神经所导致的疼痛，甚至是颈椎的小关节功能紊乱所导致的疼痛，根据各方面的原因可以适当的治疗，还是可以缓解的。	脖子疼。
1、握拳：白领办公的时候，最容易因为繁忙而忘了动一动，不妨利用时间小贴士来提醒自己，每过一个小时，都休息放松一下颈脖和肩膀。趁这个机会，可以做做握拳小动作，通过握紧拳头以及用力张开来循环一下手部血液。注意握拳时要用力，打开时手指要尽量向外伸直。握拳动作每分钟可以消耗3.5千卡热量哦！2、扭腰：扭腰动作，首先你的座椅要是能够旋转的。坐在座椅上，上半身挺直保持面对电脑的姿势，扭动腰部，让椅子向左或者向右交替旋转90度。这可以缓解长时间坐在电脑前不动腰部肌肉的僵硬问题，同时还可以有效减掉腰部赘肉。扭腰动作每分钟可以消耗2.2千卡热量。3、抬腿：抬腿运动主要是锻炼腿部肌肉，让腿部线条更加均匀。坐在电脑桌前，抬起一条腿，伸直并	扭腰和抬腿。
谷爱凌（GuAiling），英文名EileenGu，2003年出生于美国加利福尼亚州圣弗朗西斯科，中国女子自由式滑雪运动员。2019年8月16日，获得2019-20赛季自由式滑雪坡面障碍技巧新西兰公开赛的冠军；8月28日，获得2019年新西兰冬季运动会暨澳洲杯自由式滑雪U型场地赛冠军。	自由式滑雪运动员吗。
中国选手谷爱凌以两金一铜的总成绩结束本届世锦赛征程。新华社美国阿斯本3月16日电中国选手谷爱凌16日在此地举行的自由式滑雪世锦赛大跳台项目上摘铜，以两金一铜的总成绩结束本届世锦赛征程。谷爱凌的最终成绩为161.5分。获得金、银牌的均为俄罗斯选手，冠军塔塔里娜拿下了惊人的184.5分，亚军普鲁萨科娃得到165.5分。带着手部伤势参赛，谷爱凌在前两滑中的动作难度相对保守。她在第一滑出现较大失误，但第二滑顺利拿下了87.25分。两轮之后的积分榜对谷爱凌并不有利，争冠仅有理论可能，争取奖牌可谓背水一战。此时，塔塔里娜已凭借兼具高难度和出色完成度的前两滑，总共得到184.5分。在第一滑中出现失误的预赛第一名，法国人苔丝·勒德也在第二次尝试	她之前世锦赛时貌似就已经两金一铜了。
对谷爱凌来说，其与中国，还是有很多渊源的。因为，她出生在美国，一开始是美国人。但是，谷爱凌的妈妈是中国人，最终，她也是选择跟随自己的妈妈，放弃了美国国籍，成为一名中国人。去年的自由式滑雪世界杯意大利站，她也是一战成名，获得了首个坡面障碍项目世界杯冠军。那时候的谷爱凌，不仅夺冠了，还是参赛年纪最小的运动员。所以，谷爱凌的人气，也是立马就上来了。再加上，这是谷爱凌成为中国人之后的第一枚金牌，关注度就更高了。之后，许多人也发现一点，这样的混血小美女，颜值也真的是很高的。所以，许多人也是表示，这才是真正的女神。	颜值高,她妈妈是中国人,她选择了跟随自己的妈妈。
一是自我暗示减压法。在焦虑、紧张和烦躁时，不防自我鼓励一下，对自己说：“该复习的我都认真复习了，还怕什么呢？考试的内容无非是这些复习过的东西。”“和别的同学相比，我花的工夫一点也不少，在竞争中我并没有落后，既然如此，我又何必紧张呢？”二是肌肉放松减压法。找一个安静的环境，以轻松的姿势坐好，从上到下或从下到上依次紧张肌肉、放松肌肉，然后感受肌肉由紧张到放松的感觉。需要注意的是，此方法一定要持之以恒，每天1-2次，每次10-20分钟。三是焦点转移减压法。有意识地转移注意力是减轻心理压力的有效途径。处于压力过大的状态时，转移自己的注意力，做一些或想一些愉快的事情有助于心理压力的缓解。四是过渡性减压法。考前一	比如”该复习的我都认真复习了,还怕什么呢,“。
考前的语文复习，考生一定要把握两条线：老师的板块训练和综合训练为主线，学生查漏补缺又是一条线，两条线互相补充才能找出自己的优点和不足。另外，考前一周，考生掌握各题型的应试技巧，往往会事半功倍。1基础知识：1.看字音写汉字。考生要注意的是，记的时候不能孤立地去记单个的字，而应将其放到特定的语言环境中去记忆。2.改错别字。3.诗、文默写。4.句子的衔接。2语段阅读：1.现代文阅读。要求考生掌握①文中实词的品味和辨析。②要对课文中的重要内容理解透彻。2.文言文阅读。主要要弄懂实词的含义，理解句子以及重点段落。要对文章的字、词、段能逐个地翻译。真正地理解文章表达的意思。	查漏补缺,现代文阅读和文言文阅读就好好理解。
暴雪娱乐发行的集换式卡牌游戏《炉石传说》（Hearthstone）是暴雪娱乐发行的一款集换式卡牌游戏，作为暴雪旗下主打游戏之一，同时也是经典《魔兽》系列的延伸。在游戏中，玩家可以选取魔兽系列中的十大经典英雄人物之一，围绕其英雄的职业为主题组建自己独特的套牌，与其他玩家进行对战。游戏节奏明快、卡牌对战轻松生动，宛如冒险者们齐聚在旅店温暖的炉火边，惬意地进行一局友好的对弈，放松自己的身心。中文名炉石传说：魔兽英雄传原版名称HearthStone:HeroesOfWarcraft其他名称炉石传说、炉石内容主题魔兽、魔幻、卡牌游戏类型策略类卡牌游戏玩家人数多人游戏平台Windows/iPad/Android/iPhone/Mac	暴雪娱乐发行的一款集换式卡牌游戏哦～很多人都评价这款游戏轻松有趣呢～。
武大靖，男，汉族，1994年7月生，中国男子短道速滑队运动员。武大靖是短道速滑男子500米世界纪录保持者、奥运会纪录保持者。他从小热爱滑冰运动，从业余队到专业队，从陪练员到主力队员，多次在国际和国内重大赛事中取得优异成绩，为国家争得了荣誉，是中国短道速滑界的领军人物。	他是短道速滑男子500米世界纪录保持者,他从小热爱滑冰运动。
任子威（RenZiwei），1997年6月3日出生于中国黑龙江省哈尔滨市，中国男子短道速滑运动员。中国男子短道速滑首位世青赛全能王。2018年平昌冬奥会，任子威与队友武大靖、韩天宇、许宏志、陈德全合作，获得短道速滑男子5000米接力银牌。2019-2020赛季国际滑联短道速滑世界杯德国·德累斯顿站男子1500米，任子威套圈战术惊艳全场，最终夺得冠军。2021年“相约北京”冬季体育系列测试活动短道速滑男子1500米，任子威以2分06秒723的成绩夺得冠军，该成绩超过了荷兰选手克奈格特于2016年11月13日在美国盐湖城创造的2分07秒943世界纪录。	平昌冬奥会,武大靖与队友合作获得短道速滑男子5000米接力银牌。
东北人热爱冰雪运动，可以说是与生俱来的，得天独厚的气候条件，让大家在冰天雪地里能够尽享冰雪的乐趣，在滑冰场上，寒冷的天气阻挡不住大家冰上运动的热情，滑冰爱好者们在冰上行动自如，犹如飞燕，大家感受着速度与激情，既不辜负大自然赋予北方的冰雪又锻炼了自己的身体。据了解，在冰场上滑冰的市民大多来自敦化市冰轮协会，平均年龄超过65岁，从协会发展之初的几个人，到现在发展壮大到110余人，不断地有中老年人加入到这项冰雪运动中来，共同享受着寒冬时节独有的运动乐趣。展现全市“全民上冰雪”的浓厚氛围，迎接北京冬奥会的到来。【来源：延边发布客户端】	是的,他们热爱冰雪运动,可以说是与生俱来的,得天独厚的气候条件,能在冰天雪地里能够尽享冰雪的乐趣,同时锻炼了自己的身体。
大熊猫（学名：Ailuropodamelanoleuca）：属于食肉目熊科大熊猫亚科大熊猫属唯一的哺乳动物。仅有二个亚种。雄性个体稍大于雌性。体型肥硕似熊、丰腴富态，头圆尾短，头躯长1.2-1.8米，尾长10-12厘米。体重80-120千克，最重可达180千克，体色为黑白两色，脸颊圆，有很大的黑眼圈，标志性的内八字的行走方式，也有解剖刀般锋利的爪子。大熊猫皮肤厚，最厚处可达10毫米。黑白相间的外表，有利于隐蔽在密林的树上和积雪的地面而不易被天敌发现。	黑白相间。
第一种解释：“食铁兽”，是有学者认为是因为它常到民居觅食，舔食炊具，甚至用强有力的牙齿咬坏炊具，因而得名。第二种解释：大熊猫在无盐可食的情况下，就会闯进村民家舔食铁锅里残存的盐分，村民们不了解大熊猫的习性，误以为大熊猫在吃铁，从此便得名食铁兽。	是的,大熊猫以前会去村民家舔食他们的铁锅。
金丝猴，中国的国宝，国家一级保护动物。在动物分类学上属灵长目、猴科、仰鼻猴属。金丝猴分为三种：川金丝猴、滇金丝猴和黔金丝猴。川金丝猴分布于四川西部和北部、甘肃南部、秦岭和神农架地区，它们面孔呈蓝色，鼻孔上仰，所以也叫“蓝面猴”、“仰鼻猴”。它们毛色金黄柔软，最长可达10厘米，耀眼夺目。滇金丝猴产于云南西部，体背、体侧、四肢外侧、足和尾呈黑色，因此又叫“黑金丝猴”或“黑仰鼻猴”。其幼猴全身为白色，随年龄增长才能逐渐变成父母的体色。黔金丝猴分于贵州梵净山区，其数量十分稀少，目前国内外动物园均未饲养展出过，所以绝大多数人不能见到。其身上没有“金色”，体毛主要是灰褐色，身上有许多白斑，当地人又称之为“花	金丝猴也是中国的国宝,是国家一级保护动物。
1、沐清雨的都挺好的：《听说爱会来》（又名《眼泪的温度》、《许谁地老天荒》、《时光若有张不老的脸》（又名《幸福不脱靶》）、《驰年简诺》、《若你爱我如初》（又名《半生熟》）、《许谁天荒地老》、《弱水三千》、《许你来生》、《如果爱有天意》、《城池营垒》，2、折纸蚂蚁的《唯一的小宇》（看过，很好），女王陛下，军装下的绕指柔，秋水易色，你是我的翅膀~~~~3、林笛儿的（我目前就看过三三来迟，很喜欢）；暗恋三部曲---《邂逅一杯茶》《不等你回首》；《请别在意我》《书呆皇后》《微雨落花》《俏状元》《漂洋过海来爱你》〈爱你我不说〉〈春色如许〉〈天上掉下个林妹妹〉〈贺新郎〉，玫瑰系列----	什么《听说爱会来》《如果爱有天意》《请别在意我》都挺不错的。
来自百度知道：就业前景：整体来看，中国语言文学类专业就业情况不如经济学类学科，但目前社会对于从事文学类人才的需求数量比较大，因此考生想找到工作并不太难。很多考生会选择从事编辑、教师等工作，也有人会选择考区公务员，总体来说，本专业就业现状较为一般。就业方向：报社的采访记者——工作量大、挑战性强，经常要出差，起薪1500～3000元/月。出版社、杂志社编辑——从事图书编辑、杂志出版工作，起薪1500～2000元/月。党政机关、文化宣传部门——从事宣传、文秘工作，起薪1500～2000元/月。还有其他许多工作。当然，你也可以做一个职业作家、或自由撰稿人，这时，你的收入就取决于你自己的“个人业绩”了。	编辑、教师、文秘这些工作不是都可以做吗。
教师资格证一年可以考2次.教师资格考试每年3月和11月各举行一次，其中，上半年报名时间一般为1月份，下半年报名时间一般为9月份。面试一般在每年的5月和12月。教师资格考试每年考试日期由教育部公布，请及时关注小学和幼儿园教师资格考试网站（www.ntce.cn）的最新公告。	11月考了笔试。
因为狗狗对人很依赖，而且它知道和人亲近人就会喜欢它，所以它对人很热情。但是如果它受到人类的伤害，它也会害怕会远离人类，甚至记恨人类。	它们对人很依赖,而且知道和人亲近人就会喜欢它们。
1、赏冰灯、滑雪是必须的，所以帽子、围巾、手套是必备用品。2、冬天普遍干燥，所以皮肤、嘴唇容易干裂，事先配备护肤品，如润唇膏和护手霜等。3、在零下几十度的哈尔滨，任何器械都要注意饱暖，比如相机、手机、psp等。4、如果有愿意尝试在火炕上用餐，其实是非常有意思的，但如果夜宿火炕，没睡过的人会较容易“上火”，早起会喉咙疼，口干，不必担心，多喝水，多吃水果就能改善，睡炕时尽量睡炕梢。5、哈尔滨有两个美食集中地：中央大街和开发区的黄河路，那里菜的份量通常比较大，游客点菜酌情，冬天的东北菜以炖菜为主，可不好打包的。6、游客如果想减轻出行时的行李负担，就到了当地再购买羽绒衣裤、羊毛衣裤等，价格会便宜些、应该也是	赏冰灯,滑雪,能到零下几十度。
热点一：看海冬季到三亚看海，体验三亚三个特色景点冬季到三亚来看海，你会发现三亚的海是有特色的海，三亚的冬季是有特色的冬季，体会这样的特色当然要去看看这样的景点，这就要到西岛去，到亚龙湾边，到蜈支洲岛上。蜈支洲岛是海南岛周围为数不多的有淡水资源的小岛。蜈支洲岛全年温和气爽，四季怡人，是度假休闲、避寒冬泳、娱乐的理想去处。在西岛，在亚龙湾，可以踩着柔软的沙滩看海，可以潜水到海底去，或是在坐着玻璃船在海底观光，这是你在冷冷的北方不敢想象的，因为这时的北方已滴水便成冰，而人们却还能潜水到海底。热点二：游玩在三亚一定要自由自在，不受任何约束。三亚的景点以大海为主，所有的景色相差不大，建议一定要去亚龙	还可以坐着玻璃穿在海底观光。
春节三亚酒店最贵5万一晚春节期间的三亚，亚龙湾铂尔曼度假酒店，泳池别墅最贵达21721元/晚；凯宾斯基度假酒店36880元/晚……虎年春节，三亚的酒店价格频频刷新国内酒店房价之最，文华东方庭园豪华房更是开出57500元/晚的天价，一时间，“三亚酒店价格已与迪拜帆船酒店接轨”、“三亚一夜，堪比马尔代夫七天”的说法在网友间热议。上海大众国旅相关负责人告诉记者，平时入住四星级、五星级酒店的三亚游价格在2980元至3280元不等，往年春节基本涨到5000多元，但今年基本报价全在6000元以上，有的要涨到6500元，此外，四天三夜的自由行，平时6000元能搞定，虎年春节要卖到1.2万元以上。	春节要涨到6000以上。
因为季风关系，北京属于温带季风气候，夏季陆地气温高于海洋，形成气压差，盛行东南季风；冬季陆地气温低于海洋，盛行西北季风[惊恐][惊恐][惊恐]你们都在说什么啊！？由于陆地和海洋的热力性质的差异，同样气温下陆地的降温更厉害。气温降低、气压升高。背靠最大的大陆，北半球的冬季在蒙古附近生成蒙古-西伯利亚高压。而北京就背靠着蒙古-西伯利亚高压，能不刮风嘛！因为霾太大~~~不刮风就毒死你~刮风就吹死你！有机会去大庆试试，爽死你	北京临近蒙古-西伯利亚高压带。
“高考状元”一般指中国大陆地区“全国普通高等学校招生全国统一考试”各省市、自治区和直辖市的高考成绩第一名。按照高考分数是否加分分为“裸分状元”与“加分状元”。按照高考分科分为“文科状元”与“理科状元”。另外还有“复读状元”。长期以来，高考状元作为中国各地区高考的第一名，因其特有的商业价值和教育影响引起了全社会的强烈关注，高考状元的光环映射着状元情结和状元文化，牵动着中国全体考生、高校、中学、老师、家长、商家、媒体乃至全社会的眼球，成为高考赛场上万人瞩目的焦点。	还能得到全社会的关注,还有商业价值。
1.清华大学：中国工学老大，实力超群，名副其实的大学巨无霸。2.北京大学：综合类大学老大，文科、理科、医科都是顶呱呱。3.复旦大学：综合类大学老二，南方“小北大”，似乎什么都比北大差一点。4.浙江大学：工学综合实力老二，南方“小清华”，比老大差得很远，化工类和电气类牛比，理科也不弱，合并院校的老大。5.南京大学：理科实力超牛，让人总感觉是靠SCI发家致富。6.上海交通大学：机械、电气、航海类实力强大，又合并了农学院、上海第二医科大学，越来越壮。成为与浙大在工科相抗衡的强大对手、大有超二望一的势头。7.中国科技大学：典型高、精、尖、“精品大学”，学风正，最有资格成为中国的世界一流大学。8.北京协和医科大学：医科圣	是中国最好的两个大学。
清华大学（TsinghuaUniversity），简称“清华”，是中华人民共和国教育部直属的全国重点大学，位列国家“双一流”A类、“985工程”、“211工程”，入选“2011计划”、“珠峰计划”、“强基计划”、“111计划”，为九校联盟（C9）、松联盟、中国大学校长联谊会、亚洲大学联盟、环太平洋大学联盟、清华—剑桥—MIT低碳大学联盟成员、中国高层次人才培养和科学技术研究的基地，被誉为“红色工程师的摇篮”。	还是国家双一流A类大学。
北京大学（PekingUniversity），简称“北大”，是中华人民共和国教育部直属的全国重点大学，位列“双一流”、“211工程”、“985工程”，入选“学位授权自主审核单位”、“基础学科拔尖学生培养试验计划”、“基础学科招生改革试点”、“高等学校创新能力提升计划”、“高等学校学科创新引智计划”，为九校联盟、松联盟、中国大学校长联谊会、京港大学联盟、亚洲大学联盟、东亚研究型大学协会、国际研究型大学联盟、环太平洋大学联盟、全球大学校长论坛、21世纪学术联盟、东亚四大学论坛、国际公立大学论坛、中俄综合性大学联盟成员。	也是双一流大学。
以下结果来自爱扬教育网：北京大学专业有：经济学类专业、计算机科学与技术专业、法学专业、工商管理类专业、数学与应用数学专业、西班牙语专业、阿拉伯语专业等。	北京大学的经济类专业、工商管理类、法学专业等都很厉害。
服部平次，日本漫画《名侦探柯南》及其衍生作品中的角色，姓名来源于服部刑事（《侦探物语》中的人物，工藤俊作的好友）以及钱形平次。大阪改方学园高中部二年级的学生，关西的高中生名侦探，和工藤新一并称“关东的工藤，关西的服部”。父亲是大阪府警本部长服部平藏，父子两人都是剑道高手。与远山和叶是青梅竹马的同班同学。深色皮肤，带着浓厚的关西腔。在调查一起案件时发现了江户川柯南的真实身份就是工藤新一，是《名侦探柯南》中第一个主动发现江户川柯南身份的人。之后成为江户川柯南（工藤新一）的好友，两人经常联手办案。	是的呀,高中生侦探、会剑道。
柯南漫画连载已有24年，动画播放已有22年。《名侦探柯南》是根据青山刚昌创作的侦探漫画《名侦探柯南》改编的动画作品。漫画《名侦探柯南》是连载于《周刊少年Sunday》的推理漫画，漫画讲述了主人公江户川柯南以天生的推理能力对抗神秘组织，并与同伴一起解决无数案件的故事。江户川柯南，日本动漫《名侦探柯南》及其衍生作品的主人公和《魔术快斗》及其衍生作品中的客串角色。真实身份为高中生侦探工藤新一，人称“平成年代的福尔摩斯”“日本警察的救世主”。他因跟踪黑衣组织而被偷袭并灌下毒药，变成一年级小学生的模样。后化名为江户川柯南并寄住于毛利小五郎家中，解决案件的同时也在秘密调查黑衣组织。	24年了。
生肖狗2022年桃花运较好月份四月份桃花来临。属狗人憨厚的性格其实并不讨喜，相对于异性而言大家只会觉得他们太过于无趣。不过四月份的时候大家也会发现属狗人的憨厚无疑也是一种优秀的性格，因为憨厚的人毕竟不会做坏事，很老实。虽然不怎么有趣，但是还是可以作为依靠，所以这个月生肖狗的桃花也是很旺盛。好好把握，不要错失良机。2022年属狗人的桃花方位属狗人在地支为戌土，亥水在西北方为天喜桃花，巳火在东南方为红鸾桃花，卯木在正东方为咸池桃花。至于异性星，干支会存在不少，但看桃花，参考异性价值不大，就好比你认识了一堆异性，难道就能和对方发展异性关系。真正的桃花，是不管你有多差，就是有那么一个或者几个异性会被你吸引，希望和	属狗今年桃花运很好,4月份会有桃花。
双减政策是“减轻学生作业负担和压减学科类校外培训机构”。首先，为提高教育质量，落实立德树人的根本任务，中共中央办公厅、国务院办公厅印发了《关于进一步减轻义务教育阶段学生作业负担和校外培训负担的意见》。其次，双减政策的实施，能够有效减轻学生的学业负担，提高学生的学习兴趣，使学生德智体美劳全方面发展。最后，根据《关于进一步减轻义务教育阶段学生作业负担和校外培训负担的意见》第二十四条规定，坚决压减学科类校外培训。对现有学科类培训机构重新审核登记，逐步大大压减，解决过多过滥问题；依法依规严肃查处存在不符合资质、管理混乱、借机敛财、虚假宣传、与学校勾连牟利等严重问题的机构。	双减政策主要是减轻学生的作业负担。
1.智联招聘，前程无忧，中华英才网。中华英才网已经被58同城收购，招聘市场已经发生了翻天覆地的变化，一定要根据市场需求不断的变化与创新，否则企业很难存活下去。2.看准网，职友集，内推网，拉钩网，猎聘网，若邻网3.58同城，赶集网，百姓网4.通过熟人内推找工作比如你在某家公司工作，你可以推荐你的前同事或朋友或亲人来这家公司面试，由于是熟人推荐的，因此通过面试的概率相对来说会更高。	比如智联招聘、前程无忧和看准网等。
东野圭吾的代表作品是《以眨眼干杯》、《嫌疑人X的献身》、《放学后》、《白夜行》、《神探伽利略》、《秘密》、《预知梦》	白夜行,嫌疑人X的献身。
在十二星座中，狮子座是最具有权威感与支配能力的星座。通常有一种贵族气息或是王者风范。受人尊重，做事相当独立，知道如何运用能力和权术以达到目的。本质是阳刚、专制、具有太阳般的生气、宽宏大量、乐观、海派、光明磊落、不拘小节、心胸开阔。不过也会有顽固、傲慢、独裁的一面。同时，他们天生怀抱着崇高的理想，能够全力以赴、发挥旺盛的生命力为周遭的人、为弱者或正义而战。对弱者有慈悲心及同情心，对自己很有自信，擅长组织事务，喜欢有秩序；能够发挥创造的才华，使成果具有建设性、原创性，是个行动派。	我知道你是狮子座这种星座一般都有种王者风范受人尊重你觉得呢。
巨蟹座的人温和、真诚，比较敏感，而且缺乏安全感，自我保护意识强烈，所以本人也很慢热，也说明为人重感情，朋友一旦选择了，他们希望是一生的。巨蟹座通常有爱心，乐善好施。	巨蟹座比较温和、真诚,也比较敏感。
北京语言大学怎么样？“小联合国”名不虚传！斑斓的万国旗在梧桐大道上迎风飘扬，精致的万国墙上镌刻着183个国家的名字，80余国中外学子友好交流，共创文化盛宴。它，见证着全球文化交流的历史轨迹，代表着不同文化的碰撞与融合，诠释着“小联合国”的含义。它就是北京语言大学。如果你想在大学谈一场甜蜜的异国恋，去这所大学上学再适合不过。北京语言大学是中国唯一一所以对来华留学生进行汉语、中华文化教育为主要任务的国际型大学。每年有百余个多个国家和地区、数千名留学生，来此校学习汉语和中华文化。	因为北语是“小联合国”,梧桐大道上飘扬着各个国家的旗帜。
汉语国际教育硕士专业学位是与国际汉语教师职业相衔接的专业学位。主要培养具有熟练的汉语作为第二语言教学技能和良好的文化传播技能、跨文化交际能力，适应汉语国际推广工作，胜任多种教学任务的高层次、应用型、复合型、国际化专门人才。汉语国际教育硕士专业学位获得者应具有扎实的汉语言文化知识、熟练的汉语作为第二语言/外语教学的技能、较高的外语水平和较强的跨文化交际能力。	我考的是汉语国际教育硕士。
北京语言大学作为国内承办孔子学院数量最多的院校之一，同时也是派出汉语教师最多数量最多的，多年来积极参与孔子学院建设，做出了很多努力。第一，加强对海外孔子学院的支撑力，孔子学院内涵建设取得多项突破。首先，通过孔子学院推动汉语教育融入海外主流教育体系，目前，我校各孔子学院（课堂）中已有13所孔子学院将汉语课程纳入所在大学学分体系，约占我校孔院总数的80%。其次，依托学校学科特色及汉语国际教育学部师资优势，加强与海外孔子学院的合作，开展孔子学院奖学金南亚国家汉语师资班项目、“孔子新汉学计划”来华攻读博士项目、孔子学院短期来华研修项目。第三，积极参与中外高级别人文交流，成功举办中国北京国际语言文化博览会、“一带一路”语言文化高端论坛、“文化和自	北语是承办孔子学院数量比较多的。
对外汉语教师是指国际汉语教师，将来从事教外国人汉语的教学工作。对外汉语教师资格证考试分为笔试和面试：笔试：中国文化+现代汉语+对外汉语教学理论面试：给老外讲一堂15分钟左右的课，现场会录像同时有相应外语等级可以免考外语，不然需要加试一门外语的考试。都通过以后就能取得证书啦，这样就可以教外国人汉语啦O（∩_∩）O~考试的话目前还不是很难，因为现在全世界都在推广汉语，对外汉语教师特别紧缺！你可以找个好的培训学校好好学学，既能学到知识还能取得证书。可以去北京华语杏坛看看，他家的老师都特别厉害，受益匪浅啊。。。	现在全世界都在推广汉语,对外汉语教师特别紧缺。
呦呦鹿鸣，食野之苹，出自曹操的短歌行。	是出自曹操《短歌行》。
短歌行全文：对酒当歌，人生几何？譬如朝露，去日苦多。慨当以慷，忧思难忘。何以解忧？唯有杜康。青青子衿，悠悠我心。但为君故，沉吟至今。呦呦鹿鸣，食野之苹。我有嘉宾，鼓瑟吹笙。明明如月，何时可掇？忧从中来，不可断绝。越陌度阡，枉用相存。契阔谈燕，心念旧恩。月明星稀，乌鹊南飞。绕树三匝，何枝可依？山不厌高，水不厌深。周公吐哺，天下归心。总括：本篇书写时光易逝、功业未就的苦闷和作者要求招纳贤才、帮助建功立业的意志。全诗感情充沛，带有浓厚的悲凉情调，是曹操的代表作品之一。主题中心：一为感叹时光易逝、人生短暂。二为渴慕贤才，希望得到他们的帮助，实现统一天下的雄心。	这个《短歌行》是写时光易逝、功业未就的苦闷,和作者要求招纳贤才、帮助建功立业的意志。
诗人曹操代表作有观沧海，龟虽寿，短歌行，蒿里行，苦寒行，薤露等	他的代表作还有《观沧海》《龟虽寿》等。
短歌行全文：对酒当歌，人生几何？譬如朝露，去日苦多。慨当以慷，忧思难忘。何以解忧？唯有杜康。青青子衿，悠悠我心。但为君故，沉吟至今。呦呦鹿鸣，食野之苹。我有嘉宾，鼓瑟吹笙。明明如月，何时可掇？忧从中来，不可断绝。越陌度阡，枉用相存。契阔谈燕，心念旧恩。月明星稀，乌鹊南飞。绕树三匝，何枝可依？山不厌高，水不厌深。周公吐哺，天下归心。总括：本篇书写时光易逝、功业未就的苦闷和作者要求招纳贤才、帮助建功立业的意志。全诗感情充沛，带有浓厚的悲凉情调，是曹操的代表作品之一。主题中心：一为感叹时光易逝、人生短暂。二为渴慕贤才，希望得到他们的帮助，实现统一天下的雄心。	”我有嘉宾鼓瑟吹笙”。
第一部是《古董局中局》，这部国产类的冒险悬疑影片将于4月30日上映，该影片是由导演郭子健执导，由演员雷佳音，李现，辛芷蕾，葛优和王庆祥等人领衔主演。影片是改编自作家马伯庸的同名原著作品，大致讲述的是五脉传人许愿，因要查明唐代武则天明堂佛头真相而发生的一系列冒险故事。影片的演员阵容非常强大，很多观众和影迷都很期待，不知道你们期待吗？平原上的摩西第二部是《平原上的摩西》，这部犯罪悬疑影片是由导演张骥执导，由导演周冬雨，刘昊然，梅婷，王学兵和袁弘等人领衔主演。该影片是改编自作家双雪涛的原著作品，大致讲述的是因为一起出租车司机被杀案，所引起而揭开的陈年往事。近期这部影片的关注度很高，因为周冬雨凭借《少年的你》入围奥斯卡，因	听说《古董局中局》不错。
我们都知道在我们现在生活中，可以说当学习和工作压力大的时候，每到休息日的时候，就会和家人朋友出去看电影，可是说你能从电影中看到不一样的精神世界，像一些非常有名的经典电影，可以说能告诉你非常多的哲理和故事，还是比较有意义的，下面就让我来介绍一下十大经典电影排行榜。十大经典电影排行榜：1、《勇敢的心》2、《泰坦尼克号》3、《放牛班的春天》4、《肖申克的救赎》5、《三傻大闹宝莱坞》6、《杜拉拉升职记》7、《阿甘正传》8、《战狼》9、《红海行动》10、《捉妖记》	还有《勇敢的心》、《放牛班的春天》都很好看。
Алия_2018/08/19阅读19《放牛班的春天》（法语《LesChoristes》）是2004年上映的一部法国音乐电影，由克里斯托夫·巴拉蒂执导。杰拉尔·朱诺、尚-巴堤·莫里耶、弗朗西斯·贝尔兰德等人主演。该片讲述了世界著名指挥家皮埃尔·莫安琦（重回法国故地出席母亲的葬礼，他的旧友佩皮诺送给他一本陈旧的日记，看着这本当年音乐启蒙老师克莱门特马修遗下的日记，皮埃尔慢慢细味着老师当年的心境，一幕幕童年的回忆也浮出自己记忆的深潭。一位评论家为该片写下了这样一段话：“不同于一般的运用悲情拼命煽情的悲情电影，或极尽夸张搞怪的爆笑喜剧，《放牛班的春天》是一部让人因为喜悦而泪流满面的电影。	这是一个法国音乐电影,讲的是指挥家皮埃尔和他的老师的故事。
1、艺博钢琴艺术学校机构地址：群楼路与育民街交叉口东北150米2、日声钢琴艺术学校机构地址：东解放路与东解放路北一道街交叉口西50米咨询电话：159466175773、朗欣钢琴艺术学校机构地址：起重路南50米4、新秀钢琴艺校机构地址：新工街咨询电话：186458311175、飞扬国际舞蹈艺术中心机构地址：东解放路南一道街与文化街交叉口北50米咨询电话：89298896、心悦钢琴电子琴学校机构地址：东解放路南二道街59号附近咨询电话：150945265667、格律诗钢琴音乐学校机构地址：政府人民办事中心西南8、奕潼钢琴机构地址：文化街与昌盛路交叉口西100米咨询电话：13684681501	叫飞扬国际舞蹈艺术中心。
葡萄（学名：VitisviniferaL.）为葡萄科葡萄属木质藤本植物，小枝圆柱形，有纵棱纹，无毛或被稀疏柔毛，叶卵圆形，圆锥花序密集或疏散，基部分枝发达，果实球形或椭圆形，花期4-5月，果期8-9月。葡萄是世界最古老的果树树种之一，葡萄的植物化石发现于第三纪地层中，说明当时已遍布于欧、亚及格陵兰。葡萄原产亚洲西部，世界各地均有栽培，世界各地的葡萄约95%集中分布在北半球。葡萄为著名水果，生食或制葡萄干，并酿酒，酿酒后的酒脚可提酒石酸，根和藤药用能止呕、安胎。（概述图参考：中国自然标本馆）	我最喜欢的水果就是葡萄,葡萄树是世界最古老的果树树种之一,葡萄植物化石发现于第三纪地层中。
1。七八月份，葡萄渐渐成熟。由淡紫*变成紫*，最后几乎变成黑的了，轻轻咬开它，就会看到那红嫩的果肉，那丰富的汁水也顺着果皮淌下来，诱人的香味更是扑鼻而来，使得我总是迫不及待的想一口吞下去。2。初秋，葡萄成熟了，大串大串的葡萄从叶子缝中垂下来。那一颗颗葡萄，绿得像翡翠，紫得像玛瑙，美丽极了。你随手摘一颗，剥开葡萄皮，嫩绿的果实就呈现在你眼前，轻轻一咬，*甜*甜的汁水就涌了出来，一直甜到心底，使你忍不住再吃第三颗。3。还没成熟时，外皮是绿*的，样子很像绿宝石，但味道是很*的；快成熟时，外皮是半紫半绿的，样子很像水晶披着一件双*外套；成熟时，外皮是紫*的，像一颗珍珠穿着一件紫*大衣	剥开紫红的葡萄皮,嫩绿的果实就在你眼前,微微一咬,甜蜜的汁水就涌了出来,一直甜到心底。
日照太阳城葡萄酒庄园日照太阳城葡萄酒庄园由日照尧王集团投资兴建，葡萄园基地位于日照市五莲县潮河镇和户部东山，所在地交通便利，依山傍水，环境优美酒庄酿酒葡萄。属暖温带东亚季风大陆性气候，四季变化和季风进退都较明显，与同纬度的内陆相比，四季分明、气候温和、冬无严寒、夏无酷暑，具有气候温和、温差较小、雨水丰沛、光照充足、无霜期长的特点土地主要为轻壤、砂壤质土地，土质较松，土地通透性强，矿物质和有机质含量丰富，具适宜葡萄种植的条件。成立于1957年，是集葡萄良种选育、栽培、酿酒、资源利用研究及咨询服务、葡萄酒文化传播于一体的公益性科研机构。新品种引进、选育，太阳城葡萄酒庄园始终坚持以人为本、诚信待人、不断提高企业现代化管理水平，以“	日照那边四季分明、气候十分温和、冬天没有严寒、夏天没有酷暑,光照特别充足、无霜期时间较长。
1采办橘子橘子是比力适合在网上采办的，究竟结果可以存放，并且不会担忧在运输过程中会受损，并且也可以或许包管新颖。2采办橙子橙子也长短常适合采办的，并且若是可以或许选择本地比力盛产橙子的处所，橙子的价钱也长短常廉价的。3采办柚子柚子也长短常适合在网上采办的，一般这种运输过程中都不外呈现问题，并且比力适合反季候采办。4采办猕猴桃猕猴桃一般在超市采购都是比力硬的，选择猕猴桃在网上采办，也是不错的，究竟结果价钱廉价实惠，比超市都划算多。5采办柿子柿子良多人都爱吃，可是想要吃到新颖刚上市的柿子，仍是需要破费高价采办的，可是网上完全就可以知足本身的需求。6此刻良多人都习惯网购，可是在网购之前，必然要理性的阐发是否合理，或者是否需要，就好	一般这种运输过程中都不会呈现相关问题,比较适合反季候采办。
来自网络：1:首先是新疆。新疆葡萄甲天下，尤以吐鲁番的最负盛名。盛夏的季节走进吐鲁番，可以坐在密密麻麻的葡萄架下吃着现摘的葡萄解渴乘凉。而隆冬时节，集市上也有新鲜的葡萄贩售。皮薄肉脆的无核白、甘甜多汁的马奶提、还有甜酸适口的红葡萄，都是新疆比较有特色的葡萄品种。2:山西清徐的葡萄栽种史可上溯到2000年前。清徐地处太原盆地西北端，四季分明，光照充足，昼夜温差大，土壤疏松，十分适宜葡萄生长。在山西，葡萄不仅仅是水果，还可以拿来制作菜肴。像白瓶儿，剥去外皮后汁液依然紧紧锁在果肉之中，是制作菜肴的上好原料。此外，还有黑鸡心、紫龙眼等等，都是山西上好的葡萄品种。3:安徽萧县的葡萄也十分有名。萧县种植葡萄有1000多年历史，是	那你可以吃新疆的葡萄,新疆葡萄甲天下,尤以吐鲁番的最负盛名。
以下结果来自业百科：1、泗水火烧，外皮被烤的焦脆，里面的馅很多。2，夹饼，将饼从中间分开，然后放入很多油炸食品，再撒上调料，这样吃起来比较香。3、糁汤，当地的一种传统特色小吃，使用老母鸡来煮汤，在里面放上很多配料。4、梁山糟鱼，骨酥肉厚，非常鲜美可口。5、兖州胡辣汤，当地人喜欢将这种美食当做早餐，很鲜辣开胃。	我看这里的泗水火烧、夹饼、糁汤、梁山糟鱼、衮州胡辣汤啥的都挺有名。
兖州，是《禹贡》所描述的九州之一，古代不特指某地，是一个地理范围，大体位于古黄河和济水之间（今山东省西部、河南省东北部、河北省东南部）。范围和治所随历史多有变更。兖和衮有什么区别？“兖州”的地名写的是“衮（gǔn）州”，其实这并非是写错，而是确有“衮（gǔn）州”的典故。明朝洪武年间，有个叫卢熊的读书人，人品文品都很好，被吏部分享到朝廷做官。朱元璋就批准委任他到山东兖州当知州。他到兖州后首先要启用官印，当他把皇帝授给他的官印取出一看傻了眼，朱元璋笔下的诏书是授卢熊为山东衮州知州，这官印是根据皇帝的诏书刻制的，这兖州自然变成衮州了，可是山东历来只有兖州而没有衮州。	其大致的地理范围就是在今天的山东西部、河南东北部以及东南部一片。
薛之谦新歌达到1.72亿播放量，更博称不写情歌，网友：拿奖拿飘了薛之谦新歌收听量达到1.72亿，更博称不写情歌了，网友：拿奖拿飘了说起薛之谦大家真是非常熟悉了吧，是个歌手是个段子王，是个对音乐非常认真的创作人，而且也是大家非常喜欢的歌手，他每一首歌都是让我们非常喜欢，而且每一首歌都唱进了人们的心里面。每一首都是倾情之作，而且也是用心用力的去创作，歌词也是直戳人心。薛之谦的新歌其实收听量已经达到了1.72亿，但是他却在这个时候更新微博说不再写情歌了，网友看到之后就纷纷说拿奖拿飘了吗？	薛之谦新歌达到1.72亿播放量,更看到了人间的各类情状。
薛之谦：我的心愿是，世界和平！明明可以凭脸吃饭的好嘛！首先，我得自认性取向正常的不能再正常，甚至被哥们儿笑话我就是个泰迪长成了人样。但若是非从这世上找出男人来把我掰弯，那么，我只选择黄渤和薛之谦，前者是雷打不动淡定从容情商高，后者是假不正经满腹深情太闷骚。黄渤收获的赞美已经足够他听到老眼昏花，息影还家。当然若非要不关灯看着脸还要冲着他娇喘，那我只选薛之谦，这个明明可以靠脸吃饭却要拼才华的偏执狂，我敬他是条男子汉。【就是爱音乐】	薛之谦这个明明可以靠脸吃饭却要拼才华的偏执狂,真是敬他是一条真正的男子汉。
薛之谦的火锅店名叫“上上谦串串香火锅”，目前在上海已经有五家分店，分别位于浦东新区新梅广场，徐汇区龙华西路，虹口区凯德龙之梦，普陀区我格广场和徐汇区长宁路。除了经营火锅店，薛之谦同时也在淘宝上开了一家中端女装店，目前生意也十分火爆，与其他歌手发展副业是为了留后路不同，薛之谦表示自己做生意纯粹就是为了“养音乐”，现在唱片界已经越来越不景气，发专辑已经赚不了多少钱，特别是像他这种“过气歌手”，但是为了自己的音乐梦想，也为了给歌迷朋友一个交代，薛之谦每年都会将火锅店和服装店的大部分投入拿来做音乐，在2011年的时候，火锅店因为才开张一年只赚了20万，但是其中16万都被他拿来了给新歌买广告。	是的,薛之谦的火锅店就叫“上上谦串串香火锅”,是为了“养音乐”赚的钱。
薛之谦火锅店的第一家地址在浦东新区浦东南路999号新梅广场401B室；薛之谦火锅店的第二家地址在徐汇区龙华西路565号（近中山南二路）；薛之谦火锅店的第三家地址在虹口区西江湾路388号凯德龙之梦6楼（近足球场）；薛之谦火锅店的第四家地址在普陀区武宁路101号我格广场506室	第一家在浦东新区；第二家在徐汇区；第三家在虹口区；第四家在普陀区。
根据小编的了解，薛之谦开的火锅店名字叫做串串香火锅。该品牌于2012年在上海成立，凭借优质的菜品和周到的服务，得到了大众的喜爱，现已在市场上获得了较多的份额。经过多年的不断努力，如今，薛之谦已经在上海开设了五家分店，这五家店分别设立在上海浦东新区、徐家汇、虹口区、普陀区和徐汇区，且每一家分店的面积都在600平米左右。接下来，我们就一起来看看这五家的具体地址和电话吧！串串香火锅（旗舰店）店铺地址：上海浦东新区浦东南路999号新梅广场401B室（近八佰伴）串串香火锅（薛龙华西路店）店铺地址：上海徐汇区龙华西路565号（近中山南二路）串串香火锅（虹口龙之梦店）	那我们就去上海浦东新区浦东南路999号新梅广场401B室的那家吧。
瑞秋瑞秋（Rachel），一个多么美丽的名字，一说瑞秋总是让我想起《六人行》里的瑞秋。那曾经是我在沪读书那会儿超迷剧集里的超喜欢的一个女子，她有点迷糊，但却乐观，勇于面对生活，敢于去爱的一个可爱女子。	敢爱敢恨。
双鱼座超级温柔，但是假如你理解成柔弱，那就大错特错了。他们比一般人都要温柔，也很有耐力。大概是他们的爱幻想帮助了他们，总是给他们慰籍和希望。但往往别人觉得不可思议的幻想，因为他们柔韧的坚持和打动人心的善良，却出其不意地被实现。他们在某种程度上来说，是坚强。	双鱼座的人温柔善良。
水逆那么也就是遇到了一定的困境，很多事情他都会变得不顺利，反其道而行，也是一个网络流行语。其实对于每个星座来说，他们都会有一定的困境，他们都有可能会遇到一定的困难，都会遇到一些运气不好的时候，那么对于双鱼座的人来说，他们的水泥机到底在什么时候？我们一起来看看吧。其实他们的水逆期是在寒冷的冬季，水面也会变得很冰冷，很多事情都很难下手。对于双鱼座来说，他们的一个经常遇到困境，经常遇到困难的时候，往往都是在冬天的时候，因为在冬天的时候呢，也是对他们的这个星座造成一定的利差，造成一定影响，所以也会造成他们会遇到一些困难，在这种时候呢一定要懂得稳住自己的心态，千万不要太着急，也千万不要过于冲动，要懂得坚持住才有可能看	有时候水逆确实会令事情变得不顺利,一定要放平心态。
酥皮蛋挞，澳门的茶餐厅和饼店多数都有普通蛋挞卖，没有太大分别，味道都差不多，但比较著名的，应该是在氹仔旧城区地堡街（大利猪扒饱附近）的新好利茶餐厅，那边除了蛋挞外还有燕窝挞和牛奶挞，也是不错的。而我个人就比较喜欢连胜马路的美式饼廊的蛋挞。。。葡式蛋挞虽然很多地方都有，但最著名和最好吃的是安德鲁饼店和玛嘉烈饼店的。这两家源于一家，葡橽的老店（安德鲁饼店）位于路环岛。后来由于两夫妻离婚了，作为妻子的玛嘉烈就在澳门区开设了（玛嘉烈蛋挞）与之竞争。这两家的葡挞味道都不会相差太远。玛嘉烈的店都在澳门，现只剩下中区的一间店；安德鲁的店都在离岛，老店在路环市区比较远，如果想近一点，在澳门大学也有一家安德鲁。地址	是的,澳门的茶餐厅和饼店基本都会卖葡式蛋挞,但最好吃的是安德鲁饼店和玛嘉烈饼店这两家。
《镇魂》是晋江文学城人气作家Priest所作的奇幻耽美小说，2012年11月28起连载于晋江文学城，2013年3月7日正文完结，同年4月1日番外完结。小说围绕两主角的前世今生的种种开展开来，以四圣器为主线描述了人间鬼界仙途的互相博弈。文章主要分为四块：轮回晷、山河锥、功德笔和镇魂灯，故事情节环环相扣，让人读之欲罢不能。在清华大学推出的《2016中国IP产业报告》“中国超级IP-TOP100影响力榜单”中《镇魂》在同类型题材中名列前茅。2018年繁体版由葭霏文创出版，2019年简体版由贵州人民出版社出版。	《镇魂》是我看过的第一本耽美小说呢。
来自百度知道：手机看新闻用搜狐新闻、腾讯新闻、网易新闻、今日头条、新浪新闻软件好。	手机看新闻可以用搜狐新闻、腾讯新闻、网易新闻、今日头条、新浪新闻等等。
1、新闻大事件：今日5时32分，蒙古发生6.8级地震，震源深度10千米。2、2020年全国居民消费价格指数（CPI）同比上涨2.5%，较好实现“涨幅3.5%左右”的物价调控目标。3、交通运输部：全国303个城市已实现交通卡互联互通。4、山东2月1日起将施行经济困难老年人补贴新制度。5、武汉“医疗神器”车载移动方舱抵达河北，将开进社区开展筛查。6、抖音回应袁隆平入驻本人不知情：由其团队获得袁隆平授权函和身份证进行的实名认证。7、百度宣布造车：组建智能汽车公司，吉利为合作伙伴。8、广东发布249批次化妆品抽检结果，水密码、施华蔻上“黑榜”。9、上海：已累计为55.9万人接种新冠疫苗，无严重异常反应。10、印方交还我军走失士兵	听说百度宣布造车了,它们要组建智能汽车公司。
1.巴拉圭超市火灾巴拉圭首都郊外的一个超市8月1日中午发生大火，巴拉圭官方最终统计显示火灾共造成504人死亡，517人受伤。巴拉圭总统8月2日宣布，8月2日至8月4日为国难日。2.印两火车迎头相撞印度两辆旅客列车12月14日在印度北部旁遮普邦一座车站附近发生迎面相撞事故。事故共造成31人死亡，另有上百人受伤。初步调查显示，通行信号发布失误可能是这起事故的主要原因。3.俄核潜艇爆炸11月14日，一艘装有16枚洲际导弹的俄罗斯核动力潜艇在俄罗斯太平洋维尔尤金斯克军事基地发生局部爆炸，一名水兵为了阻止局部爆炸扩大而牺牲，另外有两名水兵受伤。4.日核蒸气泄漏8月9日，位于东京以西约350公里的福井县关西电力公司美滨核电站，3号机组涡	发生在8月9日,在福井县关西电力公司美滨核电站。
一、选择合适的地点，合适的时间拍摄日出和日落的最佳季节是春、秋两季。这两季比夏天的日出晚，日落早，对拍摄有利，在春秋云层较多，可增加拍摄的效果。日出前半小时，日落后半小时，是拍摄的黄金时间。在拍摄之前，你一定要预先想好自己想要表现的效果，在日出之前就到拍摄地点，选定好自己的机位和合适的前景。如果条件允许的话，还是选择到野外拍摄比较好，毕竟野外空气的透彻程度比在城市中高很多。但是不管在野外还是在城市，选择的地点应该比较开阔，地势以高为宜。在野外拍摄的时候选择地势比较高的地点，比如高山上，拍摄的视角选择高处向下的角度，这样在取景时近处和地面就不会有什么多余的物体遮挡太阳，有利于主要内容的表现。重峦叠嶂在旭日东升时处于大	比如最好日出前半小时,日落后半小时来拍摄。
1初夏沁梨这一款香水是花果味香调系列，梨香与柑橘香淡淡的飘过，有一种滋润清凉的美好感觉，喷上它仿佛就像是一个细腻的女孩，融化掉内心的懦弱，带来十足的勇气和自信，欢乐颂里面胜美就是送这个给关关2卡拉布利亚香柠檬喷上去，总有一种丝丝的气泡感，非常的清爽不油腻，喷上去后就像是在吃棉花糖一样柔软，淡淡的刺激柠檬味，总有一种提神动感，仿佛就像是一个非常乐观开朗的优雅女性3柑橘绿茶可以说是最清新的一款，柔柔的柑橘辅以轻柔的茶香，喷上它就像是行走在树萌之下，仿佛夏天的风，轻轻的吹过少女的裙子，整个人都愿意留在这一抹香气之中4娇嫩玫瑰一款带有淡淡玫瑰花跟牡丹香味，喷上去有一种熟女的感觉，牡丹的气息环绕着你，高贵而又迷	有水果香的,还有茶香的。
香奈儿香水多少钱一瓶正品香奈儿的香水价格一般700元以上，具体要看香水型号。它经典的五号香水的价格是790元，可可小结香水一般860元起，嘉柏丽尔系列的香水一般860元起，如果想要知道每一款香水的具体价格，可以从香奈儿的专柜或者官网查询，这些就是正品的真正价格。	正品的香水大概在700元以上。
摩羯座（Capricornus），出生日期为12月22日至1月19日，位于射手座之东，水瓶座之西。摩羯座是象征着冬天开始的星座，是天使与魔鬼兼并融合的星座。冬天把“绝对意识”毫无保留地带给了摩羯座的人。摩羯座的人踏实温润，你将是一个徘徊在理想与现实之间的人，你很难在这之间寻找平衡点，而且你会是一个主观意识很强的人。信息简介星座名称：摩羯座英文名称：Capricorns生日时间：12月22日~1月19日（阳历）最大特征：实际、忘我精神守护星：土星守护神：潘阴阳性：阴性三方宫：基本宫幸运花：紫色郁金香、天竺葵幸运数字：8、16、26、35幸运日：星期六幸运色：咖啡色掌管宫位：第十宫星座属性：土象	我就是摩羯座的,我12月15日生日。
河南也是我国中华民族的发祥地，河南省境内旅游资源十分丰富，其中比较著名的河南旅游景点有商丘古城，洛阳博物馆，花果山，二七纪念塔，黄帝故里，睢县北湖，绝壁长廊，花木兰祠，万仙山郭亮滑雪场。商丘古城商丘古城好玩，南城门和南湖附近的风景不错。古城文化内涵丰富，是中国保存最为完好的古城之一，古朴不失典雅。古城是真货非山寨品，但存留的旧日的东西不算太多，包含景点很多。洛阳博物馆洛阳博物馆是国家一级博物馆，洛阳唯一的一座综合性历史博物馆。博物馆外观霸气，洛阳唯一的一座综合性历史博物馆。博物馆的陈列以河洛文化为主体，以仰韶文化、龙山文化、夏、商、两周和两汉文物为主要内容。花果山因为这里山果杂集春花秋实而得名为“花果山”。此山主要特点是	河南有那么多的名胜古迹,什么商丘古城,洛阳博物馆,花果山。
第一种：河南烩面河南烩面是河南的三大小吃之一，风味传统。烩面的面条很宽，吃起起来也是很有筋道的，它主要是用优质的高筋面粉为原料，辅以高汤及多种配菜，配菜主要有肉和蔬菜，而且高汤都是用大骨头熬出来的，所以烩面的汤也是一绝，所以去了河南没有吃到正宗河南烩面就算白来了。第二种：胡辣汤胡辣汤是河南最有代表的美食，主要的制作材料有胡辣汤料、胡椒、辣椒、熟羊肉、羊骨高汤、面筋、花生、木耳等，是中国北方早餐中常见的传统汤类名吃。胡辣汤还曾经在《舌尖上的中国》第三季出现过。当地人特别喜欢在早上喝，因为热腾腾的胡辣汤吃下肚，浑身就能暖和起来。第三种：炸紫酥肉炸紫酥肉是河南得到特色传统名菜，距今已有100多年的历	印象最深刻的是烩面和炸紫酥肉。
胡辣汤制作方法一材料：面，盐，花生米，海带，醋，胡椒面。步骤1.和面一块，醒发30分钟。2.醒好后，加水开始揉面。3.揉啊揉，抓啊抓，待水至牛奶色，将水放好备用。4.将成面筋状的面团捞出，上锅大火蒸10分钟。5.蒸好后，取适量切成小块备用。6.架锅，放入花生米、海带煮大火煮10分钟。7.倒入面筋，再煮至大开。8.倒入刚才洗面的水，加适量盐。9.煮开后就行了。盛碗放醋和胡椒面就可以吃了。胡辣汤制作方法二主料：高筋面粉、海带、豆腐皮、猪肉、花生米适量、高汤、鸡蛋两个、青菜适量。辅料：盐适量、芝麻油适量、生抽一汤匙、葱、姜适量、胡椒适量、鸡精少许、香醋少许。步骤1.洗面筋，这一步是最难的。	把发好的面用水洗成面筋,把洗面的水煮开加花生和盐,放入蒸好的面筋,加醋和胡椒面就可以吃了。
电影长津湖上映时间《长津湖》是由北京博纳影业集团有限公司、八一电影制片厂等联合摄制，陈凯歌、徐克、林超贤联合监制、导演，由吴京、易烊千玺领衔主演，段奕宏特别出演，朱亚文、李晨、胡军、韩东君主演的抗美援朝电影。影片以长津湖战役为背景，讲述了一个志愿军连队在极度严酷环境下坚守阵地奋勇杀敌，为长津湖战役胜利作出重要贡献的感人故事。电影《长津湖》上映时间（什么时候上映）？该片于2021年10月上映电影《长津湖》演员表：吴京饰千里易烊千玺饰万里朱亚文饰梅生李晨饰于从戎胡军饰雷公段奕宏饰-韩东君饰平河张涵予饰-黄轩饰-张国立饰-史彭元饰李长生	是的,吴京、易烊千玺、段奕宏演的都很好,我最喜欢易烊千玺演的万里。
易烊千玺携新作品《长津湖》回归，万众瞩目，终于要迎来了杀青宝强娱乐5月18日，易烊千玺人还没有出来，名字先登上了热搜，可见粉丝们对千玺的想念，粉丝们都相信千玺出关后一定会发动态的，直到第二天，千玺才在超话上发了一张动态，文案很简单，只写了终于俩字。易烊千玺拍摄《长津湖》从冬天拍到夏天，终于要迎来了杀青！阔别6个月，带着他的作品《长津湖》出关了。电影《长津湖》由：陈凯歌、徐克、林超贤三大名导演联名制作，主演有四字弟弟、吴京、朱亚文等，堪称“王炸”主创、主演阵容。此次千玺将在剧里饰演一名光荣的解放军战士，战争剧对我们千玺弟弟而言也是一次全新的挑战。	这个战争剧对千玺来说也是一次挑战。
青春修炼手册青春修炼手册《青春修炼手册》词王韵韵曲刘佳演唱TFBOYS王俊凯易烊千玺和王源凯跟着我左手右手一个慢动作右手左手慢动作重播玺这首歌给你快乐你有没有爱上我源跟着我鼻子眼睛动一动耳朵装乖耍帅换不停风格合青春有太多未知的猜测成长的烦恼算什么源皮鞋擦亮换上西装佩戴上一克拉的梦想玺我的勇敢充满电量昂首到达每一个地方凯这世界的太阳因为自信才能把我照亮这舞台的中央合有我才闪亮有我才能发着光跟着我左手右手一个慢动作右手左手慢动作重播这首歌给你快乐你有没有爱上我跟着我鼻子眼睛动一动耳朵装乖耍帅换不停风格青春有太多未知的猜测成长的烦恼算什么源经常	跟着我左手右手一个慢动作。
1：白羊座配狮子座在爱情中，白羊座的人之所以是跟狮子座的人最相配，就是因为狮子座最为注重自己的外在形象，丝毫不允许自己出现邋遢的情况，这是他们所不能忍受的。白羊座性格比较沉稳，狮子座比较活泼，互相补充。2：白羊座配射手座白羊座一直以来都是很多女孩子们最喜欢的星座类型，白羊座的男孩子们比较温柔，是典型的暖男形象。最般配的星座还有射手座，两者的共同点就是都是火象的星座，彼此之间生气的话不太会懂得谦让，但是这点磨合好之后，就会发现彼此的魅力还是很大的，只有他们才能携手幸福走一生，吵吵闹闹，幸福永久。	你是白羊座的吗。
水瓶座今日运势：运气好坏参半，不过收获的甜头确实能使劲甜。陆续迎来好消息，而且贵人运在线，也会给你的行动锦上添花，你尽管按自己想法全力去冲就好。生活方面基本上由自己做主导，你或许会主动安排活动节目。	今天好坏参半。
1、伊蒂之屋睛彩自然眉笔，是韩国爱茉莉太平洋集团旗下的彩妆品牌，眉笔是三角笔芯设计，比较好用，性价比也是较高的。2、小奥汀双头纤细眉笔，上色效果较好，画出来有柔雾感，不易脱妆，不管是销量还是效果都是比较不错的。3、植村秀砍刀眉笔，有防水防汗的作用，不易结块。4、玛丽黛佳自然生动眉笔，防水持久不易脱色，适合初学者。5、卡姿兰三角眉笔，这款三角眉笔是双头设计，一头是眉笔，一头是眉刷。6、稚优泉心动雾感双头眉笔。7、sana莎娜三合一眉笔。8、贝玲妃自动眉笔，这款眉笔属于高端眉笔，用起来还是不错的，并且从外观看起来也是比较精致的。9、资生堂姬芮柔芯旋彩眉笔，这款眉笔，笔尖较细，很好画，毛刷可以均匀涂色	伊蒂之屋自然眉笔,植村秀砍刀眉笔,玛丽黛佳眉笔。
beautiful植村秀砍刀眉笔上新价：119原价129植村秀的砍刀眉笔，爱化妆的老司机们都不陌生了吧！贵了点，但是很多人都爱用，自然！服帖！防水防汗！te别好上手！至今还没有一款眉笔能撼动它在大家心中的’眉笔界老大”地位哦~口碑敲赞~砍刀的笔头设计，填充勾勒眉形都很放便，独特的溶脂设计，妆后显色更好更自然，防水防汗，而且不会结团浓重，新手老手都好驾驭~beautiful植村秀绿茶卸妆液上新价：209原价219	119,129吧。
1.一定要掌握好基础的发音；2.发音的变音规则要牢记；3.多读：随便哪篇文章，只要是韩国语就养成读一读的习惯；4.多听：多听听韩语歌，对于初学者来说听流行音乐的歌词5.有点吃力，亲们一开始可以先选择儿童歌曲，即清晰歌词又容易懂；6.多写：养成每天写笔记的习惯，哪怕一天只能写一句完整的韩语，只要坚持写，每天增加一句，第二天，第三天，第四天，通过长时间的积累，一定可以突破自己；7.多看：看看韩剧及韩国的综艺节目，通过电视，网络可以了解韩国的生活方式，更好的融入学习的状态，过程中享受那个民族独特的氛围。8.多用：把听到的看到的用韩语表达出来，不要怕出错不好意思说出口。要大胆的说，千万不要学成哑巴韩语了。9.与韩	一定要掌握好发音哦,这是最基础的。
《蝌蚪歌》——《我叫金三顺中》三石唱给侄女听的《爸爸加油》——《19岁的纯情》中听到的，挺有趣的。《见一面吧》——《hi小姐》中女主角用这首做了手机铃声，很可爱《猪妈妈和猪宝宝》——“神话”成员唱过，太可爱了《小奶牛》——韩庚，始源参加“快乐大本营”的时候和可鑫妹妹跳的舞！《棉花糖》——好像是《加油金顺》中金顺给儿子唱的，好像是！还有，您可以看看七公主的专辑，七公主是韩国史上最年轻偶像团体，年龄最大的是9岁，最小的只有5岁（组队的时候）。	《蝌蚪歌》《爸爸加油》《猪妈妈和猪宝宝》都是儿童歌曲。
严歌苓，享誉世界文坛的华人作家，是海外华人作家中最具影响力的作家之一。以中、英双语创作小说，是中国少数多产、高质、涉猎度广泛的作家。其作品无论是对于东、西方文化魅力的独特阐释，还是对社会底层人物、边缘人物的关怀以及对历史的重新评价，都折射出复杂的人性，哲思和批判意识。代表作品：《小姨多鹤》、《第九个寡妇》、《赴宴者》、《扶桑》、《穗子物语》、《天浴》、《寄居者》、《金陵十三钗》《铁梨花》等等。严歌苓几乎每一部作品都荣获了国内外各种重要文学奖项。代表作品《扶桑》以充满寓意的中西方文化跨景观，荣获台湾“联合报文学奖长篇小说奖”，并成为2002年美国《洛杉矶时报》年度十大畅销书之一。	是的呢,像《小姨多鹤》、《第九个寡妇》。
明朝朱佑樘，只有一个后妃。在漫长的中国封建社会里，男人三妻四妾是常事，也是旧伦理道德体制允许，并受国家法律保护。一般讲，身为皇帝九五之尊之人，更是三宫六院女人成群，其中佼佼者像唐玄宗和晋武帝之流，其后宫佳丽数量足可组建一个整编师。即使差到像光绪一样惨，也有一后二妃共三人，所谓一夫一妻似乎永远跟皇帝们无关。但事实往往就存在例外，朱佑樘就是中国历史上唯一一个用实际行动实践男女平等的皇帝。他一生只娶了一个张皇后，从不纳宫女，也不封贵妃、美人，每天只与皇后同起同居，过着平常百姓一样的夫妻生活，实在不易。孝宗和张皇后是患难之交，一对恩爱夫妻。从接受的教育看，他也很早就懂得若想当个好皇帝，就不能爱美人废江山的道理。	明朝的朱佑樘,据说是只有一个皇后。
人工智能专业学习课程：认知心理学、神经科学基础、人类的记忆与学习、语言与思维、计算神经工程、人工智能平台与工具、人工智能核心等。人工智能专业主要课程1.认知与神经科学课程群具体课程：认知心理学、神经科学基础、人类的记忆与学习、语言与思维、计算神经工程2.人工智能伦理课程群具体课程：《人工智能、社会与人文》、《人工智能哲学基础与伦理》3.科学和工程课程群新一代人工智能的发展需要脑科学、神经科学、认知心理学、信息科学等相关学科的实验科学家和理论科学家的共同努力，寻找人工智能的突破点，同时必须要以严谨的态度进行科学研究，让人工智能学科走在正确、健康的发展道路上。4.先进机器人学课程群具体课程：《先进机器人控制》、《认知机器人》、，《机器	人工智能专业要学的东西有很多,首先是认知与神经科学课程,还有人工智能伦理课程等。
一，人工智能专业成为学生选择的最火爆专业近几年随着国家出台对人工智能领域人才的培养计划，让更多的高校开设了人工智能专业，同时也成为了学生们选择最炙手可热的专业。在地区分布来看，一线城市的高校较为集中，同时这些地区也人工智能发展的重点区域，毕业地就业对学生带来较大便利。二，人工智能各城市需求根据招聘网站的数据显示，八成人工智能岗位集中在北京、上海、杭州、深圳和广州五大城市，所以同学们毕业以后尽量选择这几座城市发展，找工作的机会更多。三，市场广阔，就业前景大好人工智能已上升到国家战略，根据预测，未来十年内都将是人工智能技术加速发展的爆发期，产业规模不断升级扩大，人才需求一直得不到满足。所以现在选择人工智能专业是很不错的，就业前景非	人工智能专业非常有前景,国家在大力培养人工智能领域的人才,人工智能各城市的需求也逐渐增加。
日照今天晴转阴，0度～5度，比昨天冷一些，当前空气质量指数50，空气很好，天气冷，多加点衣服吧。	今天天气最高5度。
杨幂姓名：杨幂英文名：YangMi国家：中国大陆杨幂（英语：YangMi，1986年9月12日-）中国演员。出生于北京。毕业于北京电影学院表演系05届本科班。现为北京荣信达影视艺术旗下艺人。2009年与黄圣依、王珞丹和刘亦菲获封内地新“四小花旦”。中文名：杨幂别名：幂幂，狐狸，小幂，狐小幂国籍：中国民族：汉族代表作品：《红楼梦》，《仙剑奇侠传三》，《神雕侠侣》个人档案☆姓名：杨幂（yángmì）☆昵称：幂幂、小幂、小mi、狐狸、狐小幂、杨小幂☆粉丝昵称：蜜蜂☆生日：1986年9月12日☆生肖：虎☆星座：处女座☆血型：B型☆身高：168cm☆体重：45kg	是新“四小花旦”杨幂演的吧。
2006年张纪中版的神雕侠侣杨幂在里面饰演郭襄，在第四十集出现。娱乐圈有“仙气”的女演员并不多，刘亦菲算一个。虽然入行后就接拍了《金粉世家》和《仙剑奇侠传》，但是《神雕侠侣》后刘亦菲才真正爆红步入一线，还有了“神仙姐姐”的美誉。近年来她主攻大银幕，主演了《功夫之王》、《倩女幽魂》、《四大名捕》、《铜雀台》等电影，稳居一线花旦之列，封面代言不断。和韩国欧巴宋承宪的爱情也相当甜蜜，两个人还合作了一部《第三种爱情》。“郭芙”给观众的印象就是刁蛮任性泼辣，但是也有很多人喜欢她的耿直和要强。《神雕侠侣》里，”郭芙“是陈紫函扮演的，也是她演艺生涯很有代表性的一个角色。不少人喜欢陈紫函，不止是长得漂亮，而且演	她在里面饰演郭襄,在第四十集出现。
郭襄，金庸武侠小说《神雕侠侣》中的人物，在《倚天屠龙记》中也有出场。郭襄的名字出于父母镇守襄阳的信念，双生弟弟是郭破虏。郭襄秀美豪迈，容貌有三分相似母亲黄蓉以及外祖母冯蘅，因处事兼得父母之风格，亦正亦邪，隐隐有外祖父黄药师的性子，姐姐郭芙称她“小东邪”。郭襄16岁时遇到杨过，杨过送她三枚承诺金针，并为她在襄阳城英雄大会中大办生日宴，使她终生难忘杨过。郭襄18岁离家出门游历，一生追寻杨过未果。少林派觉远大师圆寂之际，背诵部分《九阳真经》上经文，郭襄、张君宝（张三丰）、无色各自默记了一部分，郭襄根据自己所记住的片段，自创了峨嵋九阳功。襄阳城破时，郭襄正身在外地，她的父母及弟弟壮烈殉国，她持倚天剑幸存。	带着外祖父黄药师的性子,被称为“小东邪”。
1、绿萝绿萝是众多花友的最爱，家居、商场、办公室随处可见。而且它最大的特点就是能吸收电脑辐射，减少对人体的损害。除外，它还是空气净化器，能有效吸收空气中甲醛、苯等有害气体。2、栀子花“栀子花开呀开栀子花开呀开，是淡淡的青春纯纯的爱……”，轻轻的音乐诉说着离别的心情，恍然间，似乎闻到了栀子花带来的阵阵清香。如此美丽，如此洁白，高雅的香气令人无法忽视她的存在。做一个栀子花般的女子，娴淑优雅，圣洁无暇，常保一颗平静的心。3、文竹文竹体态优美，高低有序，幽雅别致，密生如羽毛状，翠云层层，株形优雅，独具风韵，深受人们的喜爱，是有名的室内观叶植物。而且在夜间除了能吸收二氧化氮等有害气体外，还能分泌出杀灭细菌的气体，减少感冒	绿萝是众多花友的最爱～家居呀,商场呀,办公室随处可见的～。
紫罗兰（学名：Matthiolaincana（L.）R.Br.）是十字花科、紫罗兰属二年生或多年生草本。全株密被灰白色具柄的分枝柔毛。茎直立，多分枝，基部稍木质化。叶片长圆形至倒披针形或匙形。原产地中海沿岸。中国南部地区广泛栽培，欧洲名花之一。中国大城市中常有物种，可以栽于庭园或温室中，供观赏。此花与三色堇相似，易混淆。	是十字花科哟～栽于庭园或温室中的～供观赏～。
NIKE:NIKE的鞋子适合在室内打球穿，性能比较好，多数是带缓冲气垫的，穿着比较舒服，自然价格比较贵！李宁：国内的老牌子，世界的新牌子，李宁总的评价是价格适中，穿着适中，外观一般，比较适合学生购买穿用；阿迪：阿迪是经典的品牌，也是现在NBA的赞助商，鞋子旗下的明星数不胜数，阿迪和NIKE一样，外观好看，穿着舒服，价格较高，阿迪的鞋子比较适合在室外打球穿，因为阿迪的底并不全是气垫，很多都是缓震系列，不错的哦；安踏：安踏旗下现在有斯科拉和弗朗西斯2位火箭球员，安踏现在也是CBA的赞助商，但相比较而言，安踏多数做休闲和跑步鞋比较好一点；匡威：匡威比较适合街头篮球，耐磨！韦德的鞋子不错，0.03秒那款是经典！锐步：锐步的安全性能差	我穿的是李宁的。
李宁的球鞋很不错，自从和奥尼尔等NBA巨星合作后，球鞋真的是越来越好了，但是价格上也不像以前那么公道了，但是质量上没的说，不变形，减震，一般耐克，AD有的李宁也有，但是直到今日李宁鞋的样子都不是太好，让人看了就感觉不爽。如果有买李宁的钱都不如加上200到300去买一双相当不错的耐克篮球鞋了，如果不喜欢耐克，300~400的安踏也可以。	很不错啊,不变形,减震也很好。
1、好乐买好乐买所售商品均为品牌厂商或品牌授权代理商直接供货，全场均为正品。虽然是新型购物app，但品质效率丝毫不逊色。2、名鞋库名鞋库专业在线销售NIKE、adidas、李宁、安踏、PUMA、NB、converse、Kappa等超值国际大牌鞋服的电商网站3、毒毒是虎扑旗下的独立App，集正品运动潮流装备交易、球鞋潮牌鉴别、互动图片社区于一体的综合移动互联网平台。4、识货在识货上买球鞋不会买到假货，因为有专业的鉴定团队为买家鉴定真伪，都是鉴定好了才发出去的，所以货物是有保障的，用户有些闲置的鞋子出不去可以找毒帮忙出货，为用户提供了第三方支援。5、nicenice平台买鞋还是靠谱的，但是不能打包票，毕竟每个平台都会有一定的瑕疵的，	好乐买,名鞋库还有毒上面都有卖。
你可以尽力帮忙父母分担一些事情，面对他们吵架，你想劝就劝，不想劝就不劝，能疏导就疏导，不能疏导就算了（你也不是心理咨询师），不用为他们吵架的事情太过难过，他们已经吵了这么多年了，也不差这一年。反正过完年你就离开家了，忍忍就算了，忍不了就躲，他们吵架的时候你躲别的地方去清净清净（这好像很不像心理咨询师给出的建议）。记住，爸妈吵架是他们夫妻自己的事情，而不是你的事情，这个事情应该由他们自己来处理，你不要轻易卷入父母之间的纷争，去站队，去评理。除非你觉得自己有能量去处理这些。如果你因为父母过年总是吵架，让你对婚姻恐惧，缺乏信心，也非常讨厌过年，那去找个心理咨询师谈一谈，疗愈自己的创伤。	可以采取多帮父母分担一些事情之类的方法。
来自网络聚合的结果为：1.大城市房价和花费都相对较高，而现在人结婚普遍要求房车，所以单身族们都在为买房打拼呢。2.不想过早的被婚姻束缚，不想因此影响自己的事业和梦想。3.条件好的往往不喜欢将就，比较坚持宁缺毋滥，还没遇到合适的。4.离婚现象普遍也是让人畏惧结婚的一个因素。	忙事业都忙不过来,宁缺毋滥。
继《夏洛特烦恼》之后，开心麻花又相继出品了《一念天堂》、《驴得水》、《羞羞的铁拳》、《西虹市首富》、《李茶的姑妈》等多部电影，都取得了比较大的反响。后来开心麻花出品电影被人称麻花出品，必属精品。最近开心麻花又有新电影来袭，片名叫《温暖的抱抱》，预告片也出来了。参演的演员有开心麻花老成员们：沈腾、马丽、常远、魏翔、黄才伦等，另外还有田雨、乔杉、王宁和美女李沁的加盟。开心麻花还是第一次集齐这么多开心麻花的老将出演电影，还有搞笑担当田雨、喜剧天才乔杉、麻花前任老将王宁、美女李沁等外援，想必是一笔大手笔了，非常值得期待。	是那部《温暖的抱抱》吗。
开心麻花主要成员有：沈腾、马丽、艾伦、杜晓宇、王琦、常远、王宁。北京开心麻花娱乐文化传媒有限公司，以为人民娱乐服务为宗旨，把智慧与快乐拧成舞台剧。	沈腾,艾伦,常远。
中医针灸推拿南梁镇中心卫生院健康沙龙活动第四期中医针灸推拿针灸推拿治疗疾病在我国已有数千年的历史，它是以中医理论为指导，以经络、腧穴为核心，采用各种针刺、艾灸方法和推拿手法来防治疾病的学科。推拿古称按摩。据《灵枢·九针十二原》记载，九针中的“圆针”、“针”就是用作按摩的工具。可见，针灸和按摩的关系较为密切，常常结合使用。针灸主要是通过辨证取穴来达到调和阴阳、疏通经络、扶正祛邪的目的。而推拿主要通达各类手法，来疏经通络达到治疗目的。临床实践证实了针灸推拿对内、外、妇、儿、骨伤、五官等科多种病证的治疗均有较好的效果。	中医推拿,古称按摩,据《灵枢·九针十二原》记载,九针当中的“圆针”、“针”其实就是按摩的工具。
1.推法用手指或手掌着力于患者的某一部位，进行单方向的直线推动。该手法适用于头面、四肢、胸腹部，具有疏风散寒、活血化瘀、理气止痛、舒筋通络的功能。2.拿法以大拇指与其他四指中的任意一指或几指相对，提拿起身体的某一部位或穴位，一拿一放地交替进行。适用于颈项、肩背和四肢。其功能为开窍醒神、祛风散寒、舒筋通络等。3.按法用指腹或手掌着力于身体的某一部位或穴位，向下压之，并在该处保持一定的压力停留片刻，随之稍加揉动。本法常与揉法配合使用。指按法适用于全身各处的穴位；掌按法适用于背腰和四肢。具有通经活络、缓解痉挛、调理关节的功能。4.摩法以手掌附着于人体的某一部位，在其上作环形移动抚摩。多用于腹	推法适用头面、四肢、胸腹部等部位,具有疏风散寒、活血化瘀、理气止痛、还有舒筋通络的四大功能。
（拍法注意事项：①动作平稳，使整个掌、指周边同时接触体表；②手腕要放松，动作轻柔；③以体表皮肤轻度充血发红为度，拍打时力量不可偏移，以免产生疼痛；④对结核、严重的骨质疏松、骨肿瘤、冠心病等禁用。拍法适用于肩背、腰臀及下肢部。）l捏法（捏上肢）（捏法适用于头部、颈项部、四肢及背脊，具有舒经通络，行气活血的作用。）l点法（拇指点合谷）（点法具有开通闭塞，活血止痛，调整脏腑功能的作用。点法与按法的区别——点法作用面积小，刺激量更大。）l揉法（拇指揉内关穴）l搓法（搓上肢）（搓法常用于四肢，胸胁，腰背部等。搓法具有调和气血，舒经通络的作用。）l击法（拳击肩背部）	动作平稳,使整个掌、指周边同时接触体表；其次,手腕要放松,动作轻柔；再者,以体表皮肤轻度充血发红为度,拍打时力量不可偏移,以免产生疼痛；最后,对结核、严重的骨质疏松、骨肿瘤、冠心病等禁用,拍法适用于肩背、腰臀及下肢部。
福建瑞来春堂瑞来春堂总部位于福州，以“名医好药”为经营理念，坚持福建本土中医药特色，目前有15家分馆，开设众多具有针对性的中医科室。是一家集中医诊疗、理疗康复、健康教育、中药饮片、药品销售为一体的大型中医药综合场馆。洛阳正元堂平乐正骨正元堂由平乐正骨第八代传人郭芫沅于2009年在洛阳市瀍河区创办，师从平乐正骨第六代传人、洛阳正骨医院创办人（之一）郭宗正大师。正元堂内设有洛阳市平乐正骨文化研究院、洛阳市平乐正骨博物馆。正元堂不仅传承平乐正骨的传统治疗方法，还发展特色中医治疗项目，纯手工制做中成药，取得五项中成药国家专利。成都肖小儿	比如福建瑞来春堂,总部位于福州。
《调酒师》《空之音》《信蜂》《凉风》《竹剑》《夏日大作战》《玉响》（幸福光斑）《奇诺之旅》《云之彼端，约定的地方》《星之声》《加奈日记》《轻音少女》（K-ON）《侵略！乌贼娘》《AngelBeats！》《狼与香辛料》《迷途猫Overrun》《AChannel》《兔子软糖》《秒速五厘米》《龙与虎》《少年同盟》《少年阴阳师》《未来都市no.6》《邻座的怪同学》《借东西的小人阿莉埃蒂》《只要你说你爱我》《小小雪精灵》《Littlebusters！》《言叶之庭》《素晴日》	《秒速五厘米》和《言叶之庭》你可以看看。
1.手抓葱油饼，平顶山手抓饼更确切地讲，应该是手抓千层饼，顾名思义，该饼形状类似一般的千层饼，但比一般的更加膨松，外焦内嫩，口感香郁，麦香味浓。2.张集硬面馍，张集硬面馍产于平顶山市叶县境内，洪庄杨张集村，采用独特的制作工艺，洁白如雪，层层叠叠，底部微焦，香酥可口。3.刘家水煎包子系平顶山市鲁山县鲁阳镇具有特色的回族食品之一，具有馅软、皮脆、味美的特点。4.咸豆腐脑是舞钢市的独特小吃，在舞钢市城乡广为食用，很多地方街头小贩早餐可以提供，与水煎包简直绝配。5.叶县烩面是一道美味可口的传统小吃。羊肉炝锅，采用优质面粉，细腻光滑，柔软筋香，滑润适口，烩面汤取新鲜的羊排、羊蹄骨，并放多味少许的五香调料	手抓葱油饼,也就是平顶山手抓饼,比一般的更加膨松；张集硬面馍,层层叠叠,底部微焦,香酥可口；还有刘家水煎包子系。
平顶山手抓饼更确切地讲，应该是手抓千层饼，顾名思义，该饼形状类似一般的千层饼，但比一般的更加膨松，外焦内嫩，口感香郁，麦香味浓，用手抓着来吃，别有一番风味。平顶山手抓饼张集硬面馍产于平顶山市叶县境内，洪庄杨张集村。其主要特色是：采用独特的制作工艺，洁白如雪，层层叠叠，底部微焦，香酥可口，畅销叶县及平顶山周边县区，远销郑州、开封等地。属工艺特色类。	看起来洁白如雪,层层叠叠,底部微焦,香酥可口,是一种工艺特色。
《水浒传》又名《忠义水浒传》，一般简称《水浒》，作于元末明初，是中国四大名著之一。全书描写北宋末年以宋江为首的一百零八人在梁山泊起义，以及聚义之后接受招安、四处征战的故事。由施耐庵著，罗贯中编次，施耐庵祖籍一说苏州，一说今江苏兴化。《水浒传》也是汉语文学中最具备史诗特征的作品之一。是中国历史上最早用白话文写成的章回小说之一。版本众多，流传极广，脍炙人口。对中国乃至东亚的叙事文学都有极深远的影响。	我更喜欢元末明初的《水浒传》,又称《忠义水浒传》,一八零八人起义招安、征战的故事让我心感震动。
《西游记》在它的那个年代，一定是令人讨厌的。首先群众不满意，因为你说取经的路上全是妖怪，影响大唐国威和唐人的幸福感，再说了，你把沿途治安渲染得那么差，周遭藩国谁还敢来进贡朝见，共享盛世繁华；其二朝廷不喜欢，你笔下的妖精都是有背景的祸害，不是领导笼中的宠物，就是守关的童子、天尊的坐骑，你到底是何居心？但又奇怪，经过数百年风雨，《西游记》不仅没有被删灭，反而成为中国人的精神瑰宝。孙行者的抗争精神、猪八戒的处世之道、师徒四人的团队建设，都成为不同时期，人们汲取智慧和灵感的源泉，看来海纳百川包容兼收，才是中华民族向前发展的不竭动力！世界那么大，妖魔鬼怪容得下，一本“游记”还容不下？没这个道理！2重庆·嘉陵	我没说我不喜欢,《西游记》在其所处年代的适应性更低,严重影响了唐人的幸福感。
（一）强化组织领导，健全办理机制。4月1日，厅委印发了《湖南省教育厅省委教育工委2019年人大建议、政协提案办理工作方案》（湘教办通〔2019〕4号），成立了工作领导小组，蒋昌忠厅长三次专题听取学前教育工作汇报，统筹开展建议提案的办理工作，明确了工作流程、办结时间和责任处室分工。（二）扎实开展调研，聚焦工作重点。厅委多次组成调研组先后赴长沙、益阳、湘西、衡阳、湘潭、常德等地基层开展调研，将重点建议和重点提案办理与制定我省学前教育深化改革规范发展的有关政策相结合。（三）加强沟通协调统筹推进工作。5月，我厅组织召开了重点建议办理见面会，邀请代表和省委编办、省财政厅等会办单位部门负责人参会。办理人员主动上门拜访未能参会代表，确	与教育厅沟通协商,需要多次沟通协调。
来自网络：1:《西游记》：一个奇幻的神话世界2:《水浒传》：反抗封建暴政的传奇故事3:《三国演义》：三国历史的经典重现4:《红楼梦》：封建家族的兴衰历史	奇幻神话世界、反抗封建暴政传奇故事、三国历史故事和封建家族兴衰历史都很值得一看的。
1、体虚自汗：（玉屏风散）黄芪5钱，白术3钱，防风2钱。水煎服。2、脾胃虚弱以及气虚下陷引起的胃下垂，肾下垂，子宫脱垂，脱肛：（补中益气汤）黄芪4钱，党参、白术、当归各3钱，炙甘草、陈皮、升麻、柴胡各1.5钱。水煎服。3、失血体虚：黄芪1两，当归2钱。水煎服。4、血小板减少性紫癜：黄芪1两，当归、龙眼肉、五味子各5钱，红枣10枚，黑豆1两。水煎服。5、脑血栓：黄芪0.5～1两，川芎2钱，当归、赤芍、地龙、桃仁、牛膝、丹参各3钱。水煎服。6、白细胞减少症、贫血：生黄芪、鸡血藤各2两，当归1两，党参、熟地黄各5钱。每日1剂，水煎2次，分2次服。孕妇当归减量。7、乳汁缺乏：黄芪1	黄芪能够治体虚自汗、失血体虚、血小板减少性紫癜、脑血栓和乳汁缺乏等。
1、黄芪当归水：可用10克当归、10克黄芪一起来泡水喝，气血不足的人，可以常饮，有很好的补充气血的作用，如果气虚较为严重的人，可把黄芪的用量增加至15克，如果贫血较重的人，可把当归用量增至15克。2、黄芪炖母鸡准备生黄芪120克、母鸡1只，把母鸡处理干净之后，把洗净的黄芪放入母腹中，然后缝合好，加入适量的清水及佐料，炖熟而成即可。这种方法，有助于女性补气养血，尤其适合一些大病、久病、产后失血的人群，以及一些肝肾慢性亏虚的患者辅食。	黄芪当归水,10克的当归和黄芪,如果症状严重的话。
现代研究表明，黄芪与当归合用，除了能表现出气血双补的作用，还可以增强人体的免疫力，提升造血功能，加上二者连用可以起到“生血”的作用，可以帮助改变血液微循环、改善脏器缺血和缺氧的程度、提高心脏的再灌注，还可以增强骨髓的造血功能，进而达到抗贫血的目的。因此，平时用黄芪和当归泡水喝，补气养血的同时，还能对抗贫血。【本文由“千金芳”新媒体独家出品，图片来源于网络，作者素瑶，未经授权，请勿转载】	可以提升造血功能,起到改善贫血的目的。
1建议半小时左右。黄芪和当归都是常见的补益药材，一个补气，一个补血，如果想同时煮水喝的话，那么煎煮时间不宜过长，避免药用成分被破坏，导致效果下降，一般来说先开大火煮沸，后转小火煎煮半小时左右就可以喝了，这样煮出来其药效成分不会有什么损失。黄芪当归煮水的比例是多少2建议黄芪：当归=5:1。黄芪性微温，食用可补气升阳、固表止汗等功效，而当归性温，服用后有活血止痛、补血调经的功效，两者搭配温补作用较强，因此在剂量上应当谨慎考量，经典补益方剂当归补血汤，就是由黄芪和当归两味药组成，其黄芪用到了30克，当归只用了6克，其比例就是5:1，因此这个比例煮水是比较合适的。黄芪当归能煮几遍水3不建议重复煮。黄芪当归煮水就是	黄芪：当归=5:1,熬制半小时左右。
黄芪当归泡水是不宜长期喝的，一般喝1-2个月就应该停一段时间。因为这两种都是温补的药材，合在一起就更补了，一直喝就容易引起上火。泡水的时候还要注意剂量，过量也是不好的。展开全部内容	好的好的,一般喝1到2个月就应该停一段时间。
《情深深雨蒙蒙》是一部海峡两岸合拍的电视剧，改编自琼瑶的小说《烟雨蒙蒙》，以20世纪30年代的上海陆家为故事主轴。由赵薇、古巨基、林心如、苏有朋领衔主演。该剧由怡人传播和中国国际电视总公司制作。台湾由怡人传播发行、中国电视公司（中视）首播，内地由中国国际电视总公司发行、中国中央电视台CCTV-8首播，香港由TVB旗下翡翠台首播、电视广播有限公司发行。	琼瑶阿姨的小说改编的。
截止到2019年，由赵薇执导的电影有《致我们终将逝去的青春》、《没有别的爱》，赵薇的处女座电影《致我们终将逝去的青春》首周票房超过3.5亿，而且赵薇是首位以处女作迈进票房亿元行列的女导演。赵薇是话语影视女演员、歌手、导演、监制，她的主要代表作品有《还珠格格》、《情深深雨蒙蒙》、《花木兰》、《亲爱的》、《虎妈猫爸》、《港囧》等。21.jpg《致我们终将逝去的青春》改编自作家辛夷坞的同名小说，主要讲述了一群年轻人从大学校园步入社会的迷茫抉择故事，该影片于2013年4月26日上映，曾获得过第33届金像奖最佳两岸华语电影、第32届百花奖最佳导演等奖项、第29届金鸡奖最佳导演处女作等奖项。《没有别的爱》改编自欧洲小说，主要讲述	她拍的那部《致我们终将逝去的青春》。
1、《喜欢你》2、《泡沫》3、《夜空中最亮的星》4、《桃花诺》5、《光年之外》6、《你不是真正的快乐》7、《你把我灌醉》8、《龙卷风》9、《回忆的沙漏》10、《后会无期》	原来我喜欢的《你把我灌醉》是她唱的。
1、《年轮》是张碧晨演唱的一首歌曲，由汪苏泷作词作曲，电视剧《花千骨》的插曲。该歌曲获得第九届音乐盛典咪咕汇盛典年度最畅销十大金曲奖。这首歌简直百听不厌啊！2、《凉凉》是张碧晨和杨宗纬演唱的歌曲，由刘畅作词，谭旋作曲，是电视剧《三生三世十里桃花》的片尾曲。2017年6月29日，该曲获得2017全球流行音乐金榜上半年二十大金曲奖。3、《下一秒》是由汪苏泷作词及作曲、张碧晨演唱的一首歌曲，是电视剧《微微一笑很倾城》的插曲。2017年3月27日，张碧晨凭借该歌曲获得第24届东方风云榜音乐盛典年度金曲奖4、《望》唱出的是一种呐喊，一种信仰，是命如草芥的女奴星儿手握火炬，逐渐蜕变成英雄谍者楚乔的内心之路。5	《年轮》和《凉凉》都是她唱的呢。
四大名著中国的四大名著是《三国演义》、《水浒传》、《西游记》、《红楼梦》。这四部著作历久不衰，是汉语文学史中不可多得的经典作品。其中的故事、场景、人物已经深深地影响了中国人的思想观念、价值取向。四部著作都有很高的文学水平和艺术成就。细致的刻画和所蕴含的深刻思想都为历代读者所称道。是中国文学史上的四座伟大丰碑。	那《红楼梦》呢。
红楼梦的意思、用法、分词解释与读音红楼梦hónglóumèng词语解释：原名《石头记》，清末书坊重印时曾改名为《金玉缘》。长篇小说。一百二十回。前八十回为清代曹雪芹作。后四十回一般认为系高鹗续补。主要描写封建世家大族贾府由盛到衰的过程及贾宝玉、林黛玉等青年男女的婚姻爱情悲剧，广泛而深刻地反映了封建社会的政治、经济和精神文化生活。作品结构宏大，语言优美、生动、传神，刻画人物尤为成功，塑造了贾宝玉、林黛玉、薛宝钗、王熙凤、晴雯等艺术形象。是中国古代优秀长篇小说中的杰出作品。	但主要是描写封建世家大族贾府由盛转衰的过程,以贾宝玉和林黛玉的爱情悲剧来深刻反映社会政治和精神文化。
内容提示：中国名著推荐中国名著推荐1.鲁迅《狂人日记》《阿Q正传》《故事新编》等2.郭沫若《凤凰涅盘》《屈原》3.茅盾《子夜》《春蚕》《林家铺子》4.巴金《家》《春》《秋》等5.老舍《骆驼祥子》《四世同堂》《茶馆》等6.曹禺《雷雨》《日出》《原野》《北京人》7.张爱玲《倾城之恋》《半生缘》《金锁记》《红玫瑰与白玫瑰》8.郁达夫《沉沦》《故都的秋》9.汪曾祺《受戒》《故里三陈》10.丁玲《太阳照在桑干河上》《莎菲女士的日记》11….	像鲁迅的狂人日记、老舍的骆驼祥子和张爱玲的红玫瑰和白玫瑰。
体谅父母的用心。父母希望我们去相亲，当然也是希望我们能够摆脱单身，为我们好。不管相亲的最终结果是怎么样的，但是父母的出发点是好的。可能就是有的父母有一点咄咄逼人，会让自己受不了，但是请体谅她们的用心。试着去说服爸妈。被父母逼着相亲，如果自己真的不想去，你可以试着去劝服父母。当然了劝说也是有技巧的，你可以先从自己的父亲，或者母亲入手，一个一个的说服，也可以借助亲朋好友的力量。但是如果父母坚持让你去相亲，不听劝的话，那么你也只能选择放弃。	我们也这样,网上说要体谅父母的用心,去劝说他们。
二、有些地方为什么27岁不结婚1、其实27岁这个年龄没有结婚的人还是比较多的，我已经27岁还没有结婚的话，其实这个时候也应该稍微抓紧一些，因为毕竟人生还是比较短暂的，可以尽快的去遇到自己想遇到的人，给自己组成一个好的家庭。但是在很多大城市，到了30岁，嗯以上还没有结婚的人都是比较多的。2、还有一些地区是比较迷信的，像27岁这个年龄是不能结婚的，总觉得27这个数字是不吉利的，所以要等到过了27岁之后再结婚，但是作为新时代的年轻人还是不要去相信这些，没有科学的说法。	大城市30岁以上还没结婚的人多得很,27岁不能结婚。
慢性胃炎的预防工作：一、积极治疗口咽部感染灶，勿将痰液，鼻涕等带菌分泌物吞咽入胃导致慢性胃炎二、保持精神愉快：精神抑郁或过度紧张和疲劳，容易造成幽门括约肌功能紊乱，胆汁返流而发生慢性胃炎三、慎用，忌用对胃粘膜有损伤的药物，如阿斯匹林，水杨酸类，保泰松，消炎痛，激素，红霉素，四环素，磺胺类，利血平等。此类药物长期滥用会使胃粘膜受到损伤，从而引起慢性胃炎及溃疡四、烟草中的有害成分能促使胃酸分泌增加，对胃粘膜产生有害的刺激作用，过量吸烟会引起胆汁返流。过量饮酒或长期饮用烈性酒能使胃粘膜充血，水肿，甚至糜烂，慢性胃炎发生率明显增高。应戒烟忌酒五、过酸，过辣等刺激性食物及生冷不易消化的食物应尽量避免，饮食时要细嚼慢咽，使食物	太酸太辣的少吃,不过吃阿斯匹林或者水杨酸类的刺激药物。
慢性胃炎、幽门螺旋杆菌感染阳性，可以先服用三联或四联抗幽门螺旋杆菌治疗，根除幽门螺旋杆菌，根除后如果还有胃部不适症状可以再对症治疗或服中药治疗，平时饮食尽量避免寒凉、辛辣刺激性食物，少吃甜食。	根除幽门螺旋杆菌一般会用三联或四联。
幽门螺旋杆菌四联疗法，是指胶体铋剂加三种抗生素的治疗方案。常用的药物组合，及用量如下：一：枸橼酸铋钾240毫克加阿莫西林750毫克，加甲硝唑四百毫克加奥美拉唑二十毫克。二：枸橼酸铋钾240毫克加红霉素五百毫克，加甲硝锉四百毫克加奥美拉唑二十毫克。三：枸橼酸铋钾240毫克加四环素五百毫克，加甲硝唑四百毫克加奥美拉唑二十毫克，七至十四为一疗程，一疗程结束，要继续单独服用枸橼酸铋钾六周，剂量和用法同前。注意阿莫西林要皮试，阿莫西林为青霉素类抗生素。	是的,多一种抗生素。
眼影的画法主要有四种：单色眼影画法、双色眼影画法、三色眼影画法和四色眼影画法。单色眼影画法：取眼影盘上最浅色的眼影，用手指或眼影刷轻轻地在眼皮上大面积涂抹。如果你使用的是哑光眼影，建议大家在涂眼影时使用刷具，有助于涂抹均匀。当然，如果是珠光的，用手蘸取就行。首先，从睫毛根处开始着色，然后慢慢的向上、向前晕染，最后在不均匀之处将眼影涂抹均匀。双色眼影画法：第一种是在双眼皮下访，加深双眼皮褶皱。就算你不是双眼皮也没关系，因为双眼皮褶皱指的并不是双眼皮，也不是说只有双眼皮才可以找到褶皱的位置。褶皱位置在眼角上方一点点宽的位置。其目的在于勾勒出我们眼窝的感觉。第二种是在上眼皮眼尾处从后往前、往上一点点晕染	你用什么牌子的眼影啊,比如单色、双色、三色和四色眼影法。
每个动作30秒，间隔1分钟，每个动作3-4次。一天只需要30分钟，会带给你一整天的燃脂！1.开放式跳跃保持躯干稳定，收紧腰部和腹部的核心，同时张开双手和双脚，将手臂靠近头部，向外跳起双腿。促进血液活动，让身体进入热身状态。2、高抬腿收紧核心，尽可能抬高双腿，抬高腿部小腹的位置，转移臀部和大腿脂肪进行消耗。3、赤手空拳蹲下保持腰部直立，避免驼背，脚趾向外，脚和膝盖向外45度。蹲可以刺激臀部和大腿肌肉，有助于防止臀部扁平，促进全身燃脂。4.爬山和跑步俯卧状态，避免驼背和弯腰，交替抬起膝盖，可以锻炼小腹和臀部及腿部肌肉。5.俯卧撑保持脚、臀部和肩膀在同一条直线上，锻炼手臂、肩膀和胸部的肌肉。6、俯卧开跳俯卧，保持身体直立，稳	超级燃脂。
1.运动，可以陶冶情操，可以让一个人保持健康的心态。有了健康的心态，我们才能更容易融入社会，融入团体，进行发挥个人魅力，展现个人风采。2.体育锻炼，可以培养一个人的团体精神，合作精神，例如：我们可以参加班级的篮球比赛，或者是其他需要合作的比赛，这样，不但有利于我们合作精神的培养，而且让我们体验到合作的重要性。3.体育运动，同样也可以调节一个人的情绪，改善一个人的心理的压力。要是觉得心情不好，压力大，身心疲劳，或者是情绪很烦躁的时候，可以去运动，去跑跑步，跑完步后，会觉得很舒畅，又充满活力了。4.体育运动，还可以给自己带来激情四射，增强自己的体质。因为，身体是革命的本钱，有了强壮的身体，就有足够的资本去挑战自己，实现梦想	陶冶情操还能释放压力。
体育比赛很多，世界各地经常开展和举办的国际比赛有田径、射箭、击剑、拳击、摔跤、柔道、跳水等。田径运动是指包括步行、跑步、跳跃、投掷等一些运动的全能运动的总称。田径运动由来已久，起源于人类的基本生存和生活活动。最早的田径比赛是公元前776年在古希腊的奥林匹亚村举行的，从此田径运动成为官方赛事之一。射箭，即射箭，是指借助弓的弹性射出箭，在一定距离内进行精度比拼的运动，也称射箭运动。击剑是剑术运动之一。一名运动员手持一把细长的弹性钢剑，戴着面具，穿着规定的衣服在长方形场地上比赛。根据指定的时间和刺（劈）剑的数量，决定胜负。体育项目也被称为“竞技体育”。它是指为了战胜对手，取得优异的运动成绩，最大限度地发挥个人和集体在身	我喜欢看田径射箭击剑拳击摔跤柔道跳还有雪上运动。
1、西门北大西门上面挂有北大校友，曾在北大图书馆工作过的毛泽东同志亲自为北京大学书写的校名，他所书“北京大学”四个字苍劲有力，气势雄浑。2、博雅塔博雅塔，是使用功能、艺术造型、环境协调三方面高度统一的建筑杰作。它在未名湖中的倩影深印在北大莘莘学子的心中。博雅塔位于未名湖东南的小丘上，是仿通州燃灯古塔、取辽代密檐砖塔样式建造的。它原是校园供水水塔，其独具匠心的设计构思，乃燕园构建的神来之笔。3、未名湖未名湖之于北大的意义，似乎汉唐之于中国一样，除了它本身所固有的美丽之外，更多的已经凝结为一种文化意义上的象征。未名湖是北大的灵魂，作为一种表征北大的意象而深入人们的脑海之中。4、静园草坪静园草坪是目前燕园内较大的一块草坪	博雅塔是燕园构建的神来之笔,未名湖可是北大的灵魂呀。
未名湖，是北京大学校园内最大的人工湖，位于校园中北部。形状呈U形。湖南部有翻尾石鱼雕塑，中央有湖心岛，由桥与北岸相通。湖心岛的南端有一个石舫。湖南岸上有钟亭、临湖轩、花神庙和埃德加·斯诺墓，东岸有博雅塔。是北京大学的标志景观之一。未名湖本无名，乃燕京大学教授钱穆于20世纪30年代在燕京大学任教时所起的名字。	未名湖原本没有名字,是燕京大学教授钱穆于20世纪30年代任教时候起的。
1、利用特殊天气的光线在阴天拍摄一般环境光线会较暗，这时可以利用三脚架保证画面的清晰，或适当增加曝光补偿进行细微画面的明暗校正。也可以使用偏振镜和暖调滤镜增强画面色彩的饱和度，强化主体。2、善用阴天的云虽然没有晴天的蓝天白云，灰蒙的云并不代表不好拍，反而对营造神秘的气氛更有帮助。看看图中的高楼，被灰云遮盖了会更有神秘感！这种云（有时连同雾）在城市里显得更突出，因为远处的高楼被雾遮挡会盖上一层灰色，与近处的形成更大对比。3、改变拍摄视角阴天天空总灰蒙蒙一片，所以构图时可以尽量避免天空在画面中占较大面积。尽可能充分利用地面上的景物替代灰暗天空。虽然阴天时没有强烈的光影效果，但对于色彩的还原却十分准确，构图时应用生动	下次试试改变拍摄视角,天空灰蒙蒙的话,构图时可以尽量避免天空在画面中占较大面积。
延边今天多云转晴，-19度～-10度，比昨天冷一些，当前空气质量指数24，空气挺好的，天冷请注意保暖。	今天的空气挺好的,多云会转晴。
日本著名作家东野圭吾最著名的作品《白夜行》，是一部引人入胜的犯罪推理长篇小说。故事被翻译成数十种语言，还被拍成电影和电视剧。男主亮司为了保护自己的朋友雪穗而亲手杀害了自己的亲生父亲。但警察没有找到凶手。亮司和雪穗开始了互利共生的生活，他又一次次杀人犯罪，全是为了保护和帮助雪穗。他成了她天空里的太阳，虽然不太亮，也够用了。笹原刑警为了破案坚韧不拔地追查了19年。最终真相大白。亮司觉得自己就像在白夜里走路。雪穗说她的天空里没有太阳，总是黑夜，但并不暗，因为有东西代替了太阳。但是他们却无法手拉着手并肩奋斗。因为他们的不断努力和奋斗，都是建立在邪恶之上。他们为之付出了应有的代价。“幸福的人一生被童年治愈，而不幸	是一本推理小说。
一、过年习俗1、贴福字每逢新春佳节，家家户户都要在屋门上、墙壁上、门楣上贴上大大小小的“福”字。2、吃饺子饺子是一种历史悠久的民间吃食，深受老百姓的欢迎，民间有“好吃不过饺子”的俗语。3、压岁钱春节拜年时，长辈要将事先准备好的压岁钱分给晚辈，据说压岁钱可以压住邪祟，因为“岁”与“祟”谐音，晚辈得到压岁钱就可以平平安安度过一岁。4、放爆竹中国民间有“开门爆竹”一说。即在新的一年到来之际，家家户户开门的第一件事就是燃放爆竹，以哔哔叭叭的爆竹声除旧迎新。爆竹为中国特产，亦称“爆仗”、“炮仗”、“鞭炮”。5、拜年拜年是中国民间的传统习俗，是人们辞旧迎新、相互表达美好祝愿的一种方式。古时“拜年”一	大家贴福字,给压岁钱,放爆竹。
民间风俗民间风俗有哪些春节：守岁、年夜饭、祭祀、贴对联、放鞭炮、舞狮子、耍龙灯、包饺子、拜年、挂年画、压岁钱。元宵节：观花灯、耍社火、猜灯谜、吃元宵等等。清明节：扫墓、踏青、荡秋千、放风筝、插柳戴花等。端午节：雄黄酒、挂香袋、吃粽子、插花和菖蒲、斗百草、驱“五毒”等。七夕节也就是中国的情人节。中秋赏月、祭月、观潮、吃月饼等。重阳登高望远、赏菊赋诗、喝菊花酒、插茱萸等。腊八有吃赤豆粥、祭拜祖先等习俗。藏族敬献“哈达”、藏民对客人有敬献奶茶，酥油茶和青稞酒的礼俗。京族初一要拿上香烛到井边烧拜，叫“买新水”。宁夏西海固地区回汉人民群众有表演社火习俗，表演队将太平鼓、威风锣鼓、安塞腰鼓等等。	我还想到咱们端午节不也是吗～雄黄酒～挂香袋～吃粽子～插花和菖蒲～。
草莓、芒果、橙子、菠萝、车厘子等。1、草莓：草莓含有丰富的维生素C、维生素A、维生素E、维生素PP、维生素B1、胡萝卜素、草莓胺、果胶、纤维素、叶酸、铁、钙、鞣花酸与花青素等营养物质。2、芒果：芒果的果肉含有糖分、蛋白质、粗纤维、维生素a、胡萝卜素、维生素c、矿物质等营养物质。3、橙子：橙子果肉色泽鲜艳，果肉味酸甜可口，含有大量维生素。4、菠萝：菠萝含有果糖、维生素B、维生素C、磷元素、菠萝酶等营养物质。5、车厘子：车厘子的含铁量特别高，常食车厘子可补充体内对铁元素的需求，车厘子不利于保存，最好能够新鲜吃用。车厘子适合保存在摄氏零下1度的冷藏条件，属浆果类，容易损坏，所以一定要轻拿轻放。	芒果,橙子。
1、清热去火：中医认为，草莓有去火、解毒、清热的作用，春季人的肝火往往比较旺盛，吃点草莓可以起到抑制的作用。2、调和脾胃：草莓最好在饭后吃，因为它含有大量果胶及纤维素，可以促进肠胃蠕动、帮助消化、改善便秘，适用于食欲缺乏、餐后腹胀、便秘等病症。3、滋阴养血：草莓含多种糖类、柠檬酸、苹果酸、氨基酸、易被人体吸收、达到补充血容量，维持体液平衡的作用。4、醒酒功能：酒后头昏不适时，可食用鲜草莓100克，有助于醒酒。5、防癌抗癌：草莓中所含有的鞣花酸能保护人体组织不受致癌物质的伤害，且有一定的抑制恶性肿瘤细胞生长的作用。	草莓清热去火,调和脾胃还滋阴养血。
一、樱桃和车厘子的区别在哪里1、外观和口感不同从外观和口感方面来看，樱桃一般是浅红色的，个头比较小，皮薄汁多，味道甘甜而微酸；而车厘子是暗红色的，个头比樱桃大一些，也比樱桃硬一些，皮厚多汁，入口甜美，口感比樱桃更脆一些2、营养价值不同樱桃和车厘子的营养价值相差不多，不同的是车厘子的含铁量特别高，位于各种水果之首。常食可补充体内对铁元素的需求，促进血红蛋白再生，既可防治缺铁性贫血，又可增强体质，健脑益智。3、价格不同“车厘子”也有个高贵水果的戏称哦，因为其是进口水果，相比较于国产樱桃，成本较高，所以通常车厘子会比国产樱桃售卖的价格高。其实严格来说，车厘子其实也是樱桃的一种，属于欧洲甜樱桃，也就是由	车厘子含铁高,个头大,而且是进口的。
1、猫咪健康状态不佳时不宜洗澡，6月龄以内的小猫容易得病，一般不要洗澡，6月龄以上的猫洗澡次数也不宜太多，一般以每月1～2次为宜。因为皮肤的油脂，对皮肤和披毛具有保护作用，如果洗澡次数太多，油脂大量丧失，披毛就会变得粗糙、脆而无光泽，皮肤弹性下降，影响猫的美观，还可能成为皮肤炎症的诱因。2、给猫洗澡时应该注意以下几个问题：水温不能太低或太高，以不烫手（40—50℃）为宜；室内保持温暖，防止猫着凉引起感冒；所用的洗涤剂刺激性不能太大，以免刺激皮肤；为防止洗澡水进入眼睛，在洗澡前，给猫咪的眼睛滴上油性眼药水，以保护眼睛。	小猫最好不要洗澡,洗澡很容易得病,一般每月1～2次就够了,猫的身体和人不一样,如果洗澡次数太多,油脂大量丧失。
500起步了吧最起码简单的检查加疫苗现在还查新冠嘛啥东西反正传染病都给你看一遍然后身体状况撒的都看一遍身体体征有没有跳蚤撒的有一些装备反正一通检查反正最少500看地方吧，只是最基本的寄生虫，耳螨，猫瘟之类的应该是百来块，时间太久不记得具体数字了，可以美团看看接猫入户套餐之类，办这个就够了几百块钱如果有问题就不一定了	不过简单的检查加驱虫什么的。
以下结果来自知了好学：录取通知书；高考准考证；档案袋（有些需要自己带，有些高中会直接寄到大学）；成绩单（有的话就带上）；户口本复印件；身份证及正反两面复印件；（在学校也会有地方复印，但是开学肯定人很多要排队）一寸登记照一版；党、团组织关系证明。	带一些户口本的复印件。
1、基本个人清洁类：洗发膏，牙膏，肥皂，沐浴露，洗面奶，卸妆水；2、基本个人护肤品：保湿水，面霜，乳液，身体乳；3、基本个人用品：牙刷，毛巾，刮胡刀，牙刷杯，指甲刀，餐具，水杯，掏耳勺，脸盆，脚盆，卫生纸，梳子，拖鞋，牙签，牙线；4、家庭用品：洗衣液，洗衣粉，洗衣皂，雨伞，水壶，衣架，被褥。扩展资料：生活用品顾名思义就是指生活中使用的物品。常用的一些物品的统称，例如牙膏、脸盆、衣架、卫生纸等等。购买生活用品时的注意事项：1、在购买商品前需要注意看清楚商品描述2、区分产品型号3、了解包装内是否正品行货参考资料：百度百科-生活用品	基本个人清洁类啦,基本个人用品啦,家庭用品啦之类的。
、床上用品这一类的生活用品，很好的保证了我们的睡眠，因为它主要分布在床上，我们在睡觉的时候必须使用到。其种类主要有：床垫、被子、床单、被套、床罩、床笠、枕套、枕芯、枕巾，毛毯、凉席和蚊帐等。2、厨卫用品厨卫用品也是生活中不可缺少的一部分，它是制作可口饭菜必须要用的工具，没有了它们我们的生活会变得没滋没味。其种类还有分，首先是煮饭时会用到的，比如：炒锅、电饭煲、电磁炉、微波炉、消毒柜、抽油烟机等；其次，炒菜时用的铁铲子、木铲子等；然后，是切菜时用的各种刀具；另外，还有吃饭时会用到的碗筷、盘子、勺子、叉子、等。3、家电用品家电用品给我们的生活带来很多的便利，并很好的改善了我们的生活。主要包括：电视机、电	是的,不过生活用品都是必须的,床上用品这一类的生活用品,很好的保证了我们的睡眠。
床帘是一个现代宿舍发展的产物，基本上存在于高校宿舍、员工寝室。主要作用于给学生的床铺作为遮挡物出现，一般用于保护隐私（遮羞）、阻挡强光、防落灰等作用，发展至今，已经成了一种宿舍文化，男女生都会使用，特别是女孩子们都喜欢在床帘背后陶醉于这温馨美妙的“小世界”。	床帘也可以防落灰。
以下结果来自懂得网：比较常见的面膜种类有：贴片式面膜、清洁式面膜、撕拉型面膜、涂抹式面膜等。另外，如果根据功效来分类，还可以将面膜分为补水型、美白型、紧致型等等。	贴片式面膜,清洁式面膜,撕拉型面膜,还是涂抹式面膜呀。
撕拉面膜，又称揭剥式面膜，该类面膜按制品形态可分为凝胶状、膏状、粉末状。使用时取适量凝胶状或膏状面膜涂于面部，经15-20分钟，水分蒸发后，可在面部逐渐形成一层薄膜。随后从面部剥离，面部皮肤上的污垢、皮屑粘附在薄膜上被清除，面部显得干净、光滑。粉末状产品使用时可用水调制成均匀浆状后涂敷。一般推荐中性、油性、混合型以及青少年皮肤使用，这类面膜的心理学方面功效高于其实际功效，但它满足消费者的诉求。消费者相信揭剥式面膜有剥除老化角质层（死皮），保水和纯化皮肤的作用。	在面部形成一层。
以下结果来自安安科普：化妆品在卸妆正确后，一般对皮肤危害不大，但若长期化妆，即使正确卸妆，亦会造成一定的伤害。化妆品当中会存在部分有害的物质，长期使用有可能导致水油失去平衡，加重或引起脸部痘痘的产生。长期化妆可能会使毛孔粗大，亦可能会导致肤色变差。	要不然对皮肤会造成一定的伤害的。
来自网络：面膜一般一周2-3次，那么一个月可以做9-11次左右。面膜正常使用步骤：1、把洁面湿巾叠成手掌1/3大小的方形，这样做就不怕精华液白白流掉浪费了。2、从额头开始，以眉心为端点呈放射状地擦拭，这样可以避免精华液流至眼睛，清洁的过程也十分优雅。3、以打√的方式擦洗两颊，清洁唇部时要保持微笑，使唇纹都舒展开来清洁更彻底。4、眼部最为敏感，把擦眼部的动作放在最后的冲水之前，先敷10秒再擦洗，动作放轻柔，尤其眼部要特别注意。5、为了做到彻底无残留，最后都有必要用清水稍微冲洗一次。	一般都是一周进行2-3次。
找到了好几个商场，为你推荐飞天购物广场，距离2.5公里	比如说飞天购物广场。
“天堂”商标是中国驰名商标，公司主导产品天堂牌晴雨伞是中国名牌产品，素以轻、新、美、牢著称，产品质量和技术工艺代表了当今世界先进水平，在国内外市场享有很高的声誉和广泛的影响。名称由来人们相传在4000多年前，当时的其中一个部落首领黄帝与另一个部落首领蚩尤在涿鹿（今河北省境内）打仗。时值春末夏初，风刮土扬，烈日炎炎。黄帝便命人在战车上撑起一个像盖子的东西，叫做“华盖”的用具，就是用来遮住阳光、阻挡风沙，便于看准对方的军队阵势，以便决定攻打对策。后来，黄帝打胜了。古人迷信，以为是“华盖”保佑的结果，因此视它为荣誉和权力的象征，黄帝走到哪里，华盖跟到哪里。	是中国的品牌呀,在国内外都很出名。
1.天堂伞（杭州天堂伞业集团有限公司，知名雨伞品牌之一）2.红叶HongYe（浙江红叶制伞有限公司，知名雨伞品牌之一）3.梅花伞SUSINO（梅花（晋江）伞业有限公司，知名雨伞品牌之一）4.太阳城SUNCITY（太阳城（厦门）户外用品科技股份有限公司，知名雨伞品牌之一）5.雨丝梦YuSiMeng（福建雨丝梦洋伞实业有限公司，知名雨伞品牌之一）6.雨中鸟YUZHONGNIAO（雨中鸟（福建）户外用品有限公司，知名雨伞品牌之一）7.菲诺FEINUO（浙江友谊菲诺伞业股份有限公司，知名雨伞品牌之一）8.海螺Hailuo（温州海螺制伞有限公司，知名雨伞品牌之一）9.宏达Hondar（厦门宏达洋伞工业有限公司，知名雨伞品牌之一）10.集成JISEN（福建集成伞业有限公司，知名雨伞品牌	太阳城、雨丝梦、雨中鸟都是不错的国产品牌。
来自网络：1:第一名：德国KOBOLD遮阳伞kobold于1855年创立于德国，共有104+的发明专利，他们发明了全球第一把可伸缩的自动伞，在雨伞行业耕耘了超过166年的历史，在欧洲无人不知。同时KOBOLD在全球有超过200余家零售点。2:第二名：德国KUKOBOLD遮阳伞KUKOBOLD是德国百年品牌KOBOLD的子品牌，继承了KOBOLD所有的技术和优点，同时在KOBOLD的基础上不断的创新和研发，最新的产品是小K伞，已经上市就在各大平台售卖超过了50000+，非常新锐的一个品牌，他们家最厉害和最受欢迎的2个技术就是，隐藏式人体工学手把，还有一个就是紫外线标示3:第三名：Pasotti创于1956意大利，该雨伞只做手工限量版的雨伞，精美的手	他们的遮阳伞质量很好。
来自网络：1:看品牌：各式各样的雨伞有很多种牌子，一般我们首先看它的品牌，品牌的东西一般有质量保障我们用着也放心。广为熟知的品牌有天堂，红叶，梅花等。2:摸布料：布料是雨伞不可缺少的重要组成部分，好的布料就更经得住雨水的风吹雨打，用手去摸挑选其厚实的布料就更耐用。3:看伞形：将雨伞撑开放地上，看其伞形是否呈圆形，看上去是否和谐美观，同时要观察伞的线头裁剪是否完美。4:摇晃：将雨伞撑开，轻轻摇晃，看其支架是否牢靠，不摇晃说明伞骨架教好，比一般的雨伞更能经受得住风吹雨打。	伞骨好的雨伞才不容易摇晃。
▲想得开，要学习放手。孩子已长大成人了，可以自己做决定了，作长辈的就要心甘情愿地把自己的角色由”家长”转为”顾问”。婆媳近距离长期相处，难免会有磨擦，若是一些家务小事，能忍则忍，不要太计较，要多往好处想，多看年轻人可爱的地方，体谅他们的压力。若实在觉得心里难过，也要以适当的方式表达出来。少插手孩子们的事情，对他们的决定少给”不请自来的忠告”。▲接受无法改变的事实。既然儿子选择了媳妇，婆媳关系就从此注定了，只要儿子喜欢，作婆婆的就要努力接受这个事实。有什么能比儿子媳妇恩恩爱爱更能使家庭稳定和睦？若真是儿子媳妇因着公婆的缘故分离，不仅老人家不能安享晚年，更影响到孙辈的健康成长。▲将心比心。要了解母子之爱和夫妻之	做婆婆的,要想得开,要学习放手,而且要将心比心,不要把自己的想法强加给年轻人。
以下结果来自有来医生：控制欲比较强应该使用以下方法进行调整：1、必须要与人多些沟通和交流，尤其让控制欲比较强的人学会理解别人，站在别人角度看问题，对于别人的行为多些包容甚至同理心。只有这样才能够在人际互动过程当中学会理解、学会沟通，让自己和别人有非常良好的关系，才能够提高自己的自信和安全感。2、应该考虑积极心理治疗或心理咨询，尤其是对于严重的控制感特别强、控制欲没有办法克制的人，一定要考虑进行心理咨询和治疗。推荐使用认知行为疗法、精神分析疗法，比如控制欲太强是因为童年期不良经历引起来的，最好使用精神分析疗法，在一种稳定、温暖、安全的治疗关系当中，慢慢学会舒缓自己的焦虑、紧张或抑郁等潜意识里的矛盾、冲突，最终克服控制欲	可以考虑积极心理治疗或心理咨询。
周深，1992年9月29日出生于湖南邵阳，成长于贵州贵阳，中国内地男歌手，2016年6月毕业于乌克兰利沃夫国立立谢科音乐科学院美声专业。2014年参加浙江卫视《中国好声音》第三季初次登场；2015年8月发行个人全新单曲《玫瑰与小鹿》，获得2016年东方风云榜最佳新人。2016献唱动画电影《大鱼海棠》印象曲《大鱼》《玫瑰与小鹿》和《大鱼》双双获得亚洲新歌榜年度十大金曲。2017年11月发行个人首张专辑《深的深》；2018年9月发行首支个人作曲原创作品《可它爱着这个世界》；先后献唱奥斯卡最佳影片《水形物语》《触不可及》（美版）电影同名推广曲、电影《侍神令》主题曲《归处》、电视剧《鹤唳华亭》主题曲《愿得一心人》《锦衣之下	周深呀。
周深，1992年9月29日出生于湖南邵阳，成长于贵州贵阳，中国内地男歌手，2016年6月毕业于乌克兰利沃夫国立立谢科音乐科学院美声专业。2014年参加浙江卫视《中国好声音》第三季初次登场；2015年8月发行个人全新单曲《玫瑰与小鹿》，获得2016年东方风云榜最佳新人。2016献唱动画电影《大鱼海棠》印象曲《大鱼》《玫瑰与小鹿》和《大鱼》双双获得亚洲新歌榜年度十大金曲。2017年11月发行个人首张专辑《深的深》；2018年9月发行首支个人作曲原创作品《可它爱着这个世界》；先后献唱奥斯卡最佳影片《水形物语》《触不可及》（美版）电影同名推广曲、电影《侍神令》主题曲《归处》、电视剧《鹤唳华亭》主题曲《愿得一心人》《锦衣之下	他是乌克兰利沃夫的国立立谢科音乐科学院毕业的。
刘震云，（1958年5月－），河南省延津县人，著名作家、中国人民大学文学院教授。1978年至1982年就读于北京大学中文系。1987年后连续发表《新兵连》、《头人》、《单位》、《官场》、《一地鸡毛》、《官人》、《温故一九四二》等描写城市社会的“单位系列”和干部生活的“官场系列”，引起强烈反响。现为中国作家协会全国委员会委员、北京市青联委员、文学创作专业技术一级。2011年8月20日，作品《一句顶一万句》获第八届茅盾文学奖。2016年1月，取材于刘震云小说《一句顶一万句》的同名电影拍摄完毕。2016年1月20日，刘震云以股东、董事身份出席新三板挂牌敲钟仪式。2016年1月29日，获埃及文化荣誉奖。2016年12月8日	北京大学中文系毕业的,还是中国人民大学的文学院教授,他这本《一句顶一万句》拿了第八届茅盾文学奖。
电影一句顶一万句剧情介绍电影《一句顶一万句》由刘雨霖执导，毛孩、李倩、刘蓓、范伟领衔主演，电影一句顶一万句剧情改编自刘震云获茅盾文学奖同名作，讲述一种刘震云中国式的孤独感和友情观。他怀疑老婆劈腿，他开始跟踪她。掌握证据后，他拿起了刀子，忍还是不忍，该片上演了一顶绿帽子下的史诗。小说《一句顶一万句》出版于2009年，是刘震云酝酿创作了三年的小说。小说的前半部写的是过去：孤独无助的吴摩西失去唯一能够“说得上话”的养女，为了寻找，走出延津；小说的后半部写的是现在：吴摩西养女的儿子牛爱国，同样为了摆脱孤独寻找“说得上话”的朋友，走向延津。一句顶一万句剧照关于拍电影版的原因，刘震云解释说：“我的作品有一半跟故乡	毛孩、李倩,还有刘蓓、范伟。
编辑词条兰晓龙（1973年5月26日-），出生于湖南邵阳，毕业于中央戏剧学院，中国内地男编剧、作家[1]。1997年，毕业后进了北京军区战友话剧团，成为一名职业编剧。2002年，创作的话剧《爱尔纳·突击》获得全军新剧目展演编剧一等奖[2]。2003年，参与电视剧《射雕英雄传》的编剧工作[3]。2006年，凭借电视剧《士兵突击》获得第14届上海电视节白玉兰奖最佳编剧奖和第27届中国电视剧飞天奖优秀编剧奖。2009年，凭借编剧作品《我的团长我的团》提名第15届上海电视节白玉兰奖最佳编剧奖[4][5]；9月19日编剧的《生死线》于山东影视频道首播[6][7][8][9]。2012年4月23日，担任编剧的革命题材剧《好家伙》开机[10]。2015年	比如说我的团长我的团,生死线。
红烧肉红烧肉的烹饪口味属于鲜咸香甜，是一道非常著名的“浓油赤酱”特色菜肴。有的人喜欢吃瘦肉因为瘦肉有嚼劲，有的人喜欢吃肥肉因为肥肉香，有的人觉得瘦肉偏硬，难以嚼烂，有的人觉得肥肉腻，难以下咽，可惟独红烧肉这道菜，肉是五花三层，经过制作之后，美味不可用言语来形容，肥而不腻，入口即化，堪称中华美食中的一道经典名菜，这道菜便是“红烧肉”。特色：鲜咸香甜、肥而不腻，入口即化！功效：补肾、滋阴、益气原料：带皮五花肉、盐、葱、香叶、冰糖、桂皮、橙皮、姜、八角、老抽、生抽、蚝油、料酒、开水。第1步、成品！第2步、带皮五花肉适量！第3步、五花肉清洗干净，整条放入开水中焯出血末，捞出过冷水洗干净！第4步	这个红烧肉鲜咸香甜,肥而不腻、入口即化。
1.开胃健食，红烧肉中含有很多的脂肪成分，我们都知道脂肪及其分解产物都带有浓郁的香味，而红烧肉更是由于烹饪手段使其口感极佳，食用有开胃健食之效，适合在吃饭前吃几块开胃。2.调节体内平衡，红烧肉属于肉类，含有很多的脂肪酸和蛋白质，在食用之后其最终产物属于酸性物质，在营养学上红烧肉属于酸性食物，食用可调节体内酸碱平衡，并且红烧肉钾钠离子的含量也很高，对体内的电解质平衡也有很强的调节作用。3.改善贫血，红烧肉的原材料是五花肉，其肉质中含有很多的血红素，其中有较高浓度的有机铁，同时这种肉中还含有一定量的半胱氨酸，这种氨基酸能促进体内铁质的吸收，因此，食用红烧肉能改善贫血症。4.美容养颜，红烧肉中含有大量的维生素，如维生素B6	红烧肉开胃健食、口感极佳,还能调节体内平衡、改善贫血、美容养颜。
1.肉用的前槽，很好用五花肉，几根油菜，少许木耳，鸡蛋，葱，酱。米饭蒸的时候先泡一会，这样饭熟了不粘锅底。2.准备好佐料，酱油，蚝油，味精，胡椒粉，五香粉，大料，料酒，白糖，盐。3.烧开水把油菜和木耳放入锅里，为了节省时间，把鸡蛋也放里了，油菜和木耳不用煮太烂，开了就捞出用凉水过下，控干水分，等鸡蛋熟了也用凉水过下，好扒皮。4.倒油，葱姜爆香，下肉，（用干淀粉抓一下肉）翻炒至白。5.肉炒白后，倒入老抽或者酱油都可，料酒，大料，盐，白糖，胡椒粉，蚝油，五香粉，翻炒下倒水，和肉肉平齐就好，把扒好皮的鸡蛋放进锅里小火炖。看汤汁变稠，汤少了，闭火。6.饭熟后乘到碗里成形扣到平盘上	看,把红烧肉和汤浇到饭上。
1、菠萝紫米饭是一道主食，主要食材是紫糯米、菠萝，调料为食盐、食用油等。该菜品主要是通过将食材放入锅中蒸熟的做法而制成。2、香茅草烤鱼就是很有傣族特色的一道菜。将洗净的鱼裹上味道芬芳的香茅草，放在火上烧烤，香气扑鼻，闻起来就非常的好吃。鱼和香茅草一起烤非常的入味，香茅草的香气和鱼的鲜味交织在一起。3、包烧，是西双版纳傣族特殊的一种烹饪方法，它不用锅具，用天然的芭蕉叶为烹饪工具，把要烧的食物包在其中，在炭火塘中烤熟而来。4、傣族手抓饭，是用一个很大很圆的竹编样式的大盘子端上桌的，下面有垫上芭蕉叶，最中间的圆形就是手抓饭了，里面搭配了水果吃起来甜甜的，旁边围着一些小菜肉类。5、舂鸡脚其实是	舂鸡脚,香茅草烤鱼,菠萝紫米饭。
包烧，是西双版纳傣族传统的烧烤方法之一，傣语称为“摩”。这种烧烤方法，是将食物用芭蕉叶认真包裹，置于火塘边的炭火下焙烧至熟。包烧水鲜，是以水产动物鲜鱼、鲜虾、鲜鳝鱼等为主料焐烧的菜看。包烧鲜鱼以小鱼为主要原料，刮去鱼鳞，从背部剖开，去除内脏，清洗干净。将配料青辣椒、大蒜、鲜姜、芫荽（香菜）、刺芜荽、苤菜切成细末，加适量食盐、味精拌匀填入鱼腹或用配料包住鱼体，再用新鲜的芭蕉叶或格叶严严实实地包裹成长方形叶包，用竹篾捆扎后，置于炭火底下焐烧，使鱼慢慢变熟，取出装盘食用。包烧鲜鱼，鱼形完整，鱼白菜绿，色泽鲜明，味香、鲜，略带辛辣，水鲜原味较浓，是颇具民族特色的风味小吃。	这是西双版纳的传统烧烤方法之一,就是用芭蕉叶包裹食物放在火塘的炭火下面烤熟,主要是鱼虾之类的水鲜,配料是青辣椒、大蒜、鲜姜、香菜等。
第1部：《何以笙箫默》这部剧是根据顾漫同名小说改编的，剧中讲事业有成的精英律师何以琛等待大学初恋的故事，钟汉良饰演的何以琛是很多人心中男友的形象，不将就的爱情也是大家想要追求的一种理念。第2部：《最好的我们》这部剧是根据八月长安的同名小说改编的，剧中讲的是振华高中美好的学生时代，耿耿和余淮的纯真爱情让感染了无数青年朋友。第3部：《暗恋橘生淮南》这部剧也是根据八月长安作品改编的，讲的是洛枳暗恋盛淮南的故事。洛枳高中单方面爱着盛淮南，到大学之后偶然间又遇到了盛淮南，盛淮南在和洛枳接触的过程中一点点爱上了她。第4部：《暖暖请多指教》这部剧讲的是一个梦想成团出道的女孩被扼杀在了出道夜，坚强的暖暖经历很	《何以笙箫默》、《暗恋橘生淮南》都是非常好看的小甜剧。
由屈楚萧、张佳宁、傅菁主演的烧脑爱情轻喜剧《一闪一闪亮星星》去年12月开机，今年2月25日杀青。1.男主角：屈楚萧2016年，出演网络剧《我的朋友陈白露小姐》而正式进入娱乐圈。2017年，出演古装传奇剧《独步天下》，饰演少年英雄多尔衮；同年，加盟古装剧《如懿传》，饰演五阿哥永琪。2018年，主演网络剧《媚者无疆》。2019年，主演电影《流浪地球》，同年主演电影《我要我们在一起》。屈楚萧2.张佳宁2009年，出演情感剧《小姨多鹤》，正式出道。2010年，因在都市生活剧《媳妇的美好时代》中饰演潘美丽一角而为观众熟知。张佳宁3.傅菁在演绎歌曲《红色高跟鞋》时，她的表现有点小突槌，虽然整组表演较为中庸，但和《	是屈楚萧和张佳宁主演的。
张佳宁张佳宁《如懿传》张佳宁饰演颖妃大众网娱乐由张佳宁搭档周迅、霍建华、张钧甯等人主演的清宫传奇巨制《如懿传》正在热播，由张佳宁饰演的颖妃三观正直，耿直洒脱。一路小跑送别如懿（周迅饰），满眼的心疼与不舍。与炩妃（李纯饰）上演夺娃大战，大获全胜，耿直girl开启怼人模式，坚持做自己，展露真性情。	她饰演的是耿直洒脱的颖妃,和周迅饰演的如懿关系特别好。
以下结果来自飞秒生活：和男朋友吵架了，首先需要冷静，因为生气的时候，人们会失去理智，说出伤人的话，冷静之后寻找原因，争吵的导火索是什么，吵架的原因是什么，待心绪平静，冷静分析之后，再心平气和的解决。	冷静完再找找吵架的原因。
来自百度经验：1:一方作出让步。为了避免争吵的后果一发不可收拾，夫妻一方必须作出让步，这样才可以防止争吵继续，一方可以先躲进一个屋子，锁上门，也可以先离开家一会儿。2:深呼吸。当夫妻吵架很激烈的时候，头脑必须保持清醒，保持清醒的头脑才不至于冲动，冲动是魔鬼，很容易做出后悔的事情，深呼吸一口气。告诉自己冷静冷静，再冷静。3:开口大笑。当吵到不可开交的地步，你是否想过用无厘头的方式来缓和一下尴尬的气氛呢？不妨开口哈哈大笑吧！也可能会让对方目瞪口呆哦！4:看着对方不说话。如果对方和你吵，你可以适当说几句。心平气和的，之后，如果对方还是要继续争吵的样子，那么你完全可以置之不理了，看看这种方法可行不。	快快深呼吸,深呼吸一口气,告诉自己快点冷静。
一、谈恋爱小技巧1、展现真实自我两个人在一起最重要的是信任，恋爱中要让对方爱的是真实的彼此，不是刻意讨好而扮演的一个身份，日后你们是要携手过日子的。如果一开始就带着欺骗成分，恋爱过程中两人相处久了，很容易漏出破绽，就很让男方失望了，影响感情的稳定。真实的自己，不代表暴露所有缺点，恋爱是可以让人变得更好的。2、有共同兴趣爱好培养共同的兴趣爱好，能够产生更多的共同语言，这样增进交流，感情才会长久。恋爱关系，最怕没有了话题，所以一段感情里，需要不断制造新的话题，引起男生兴趣，男生也不容易对你失去新鲜感。如果不知道从哪里着手，可以从吃的方面培养，毕竟人人都爱吃的。3、深入沟通每个人内心深处都希望得到重视，所以在	谈恋爱也是需要小技巧的,多多展现真实自我,培养共同的兴趣爱好,多多交流感情。
来自网络：1:钓鱼好处一：是一种非常有效的精神疗法当你中上鱼的那一刻，心情会无比地开心，中鱼会给你带来满足感，让你一下子就忘记了精神上的忧虑，钓鱼简直就是烦恼的收割机。2:钓鱼好处二：使人的神经和肌肉松弛青山绿水，鸟语花香，和风作伴，与水和鱼厮杀。这种感觉真让人神清气爽，心旷神怡，全身的肌肉都在放松，从头顶到脚指头都在放松。3:钓鱼好处三：延迟衰老钓鱼能让钓鱼人全神贯注关注在鱼身上，表情不会过多，也不会太大，这样能让人放松，面部表情平静缓和，恬淡虚无、安闲清静”的状态，这样延缓衰老。	钓鱼会使人得神经和肌肉松弛下来,能够让人放松,还会延缓衰老。
西丽山湖钓鱼场50元/天鲫鱼、鲤鱼、草鱼、青鱼、罗非鱼钓场位于广东省深圳市南山区西丽镇新围养鸡场西北300米。鱼塘面积约35亩，水深2米。水质良好，交通便利，环境优美，是休闲娱乐的好地方。垂钓规则限竿8.1米，请勿使用各种带轮竿、玉米、豆角、花生与污染水质化学物品作诱鱼窝底料及钓料。现因疫情，暂停营业，至6月垂钓规则限竿8.1米，请勿使用各种带轮竿、玉米、豆角、花生与污染水质化学物品作诱鱼窝底料及钓料。现因疫情，暂停营业，至6月评论（178条）Fengzi5610.0分基每周一次，一直在休闲塘钓，没空军过20小时前和Ta沟通小包钓鱼_想请教一下各位大师鲤鱼塘限杆多长呀？感谢	我知道西丽山湖钓鱼场,有鲤鱼、草鱼、青鱼、罗非鱼。
臭味食品有很多，比如臭豆腐、宁波三臭、臭豆豉、臭鸡蛋、臭鳜鱼等。除了上述的一些国内臭味食物之外，其他国家也有一些“臭名昭著”的食品。这一类的食品则以动物性食品居多，比如：日本的纳豆、韩国的魔鬼鱼片和鲱鱼罐头等。还有一些带臭味的可食用植物如榴莲和白松露，在生活中并不少见，很多人会因此当做一种享受。毛豆腐，图片来源网络“臭”味是如何形成的？臭味的形成无非就是两种，一种是自己形成的特殊气味，另一种是在加工过程中由于某些反应和变化所形成的特殊味道。目前研究表明，臭味物质所说的最多的是指氨臭味和硫化氢类物质，更重要的一点是绝大多数的人工臭味都离不开发酵。	臭豆腐、臭鸡蛋、臭鳜鱼、宁波三臭、臭豆豉。
螺蛳粉是我们在生活中经常吃的一种粉，而且螺蛳粉也是被称为最好吃的粉之一，虽然有很多的人在第1次吃螺蛳粉的时候，会因为它的臭味受不了，但是吃过以后却发现味道特别的美味，而有很多的人都是吃了一次以后就爱上了这种味道，虽然是叫做螺蛳粉，但是我们在吃螺蛳粉的时候却发现吃不到螺蛳肉，那么这是为什么呢？关于螺蛳粉你了解多少呢？在第1次吃螺蛳粉的时候，可能有很多的人都会觉得螺蛳粉闻起来特别的丑，而螺蛳粉之所以丑也是因为里边的酸笋这种酸笋，因为是一种发酵的笋，所以在闻起来的时候就会特别的臭，不过在吃起来的时候，口感不仅不臭，而且特别的脆爽。	螺蛳粉是里头的酸笋臭。
